audio_files,annotation_files
../audioData/VAD_Kaggle/Data/Audio/Female/PTDB-TUG/mic_F01_sa2.wav,../audioData/VAD_Kaggle/Data/Annotation/Female/PTDB-TUG/mic_F01_sa2.TextGrid
../audioData/VAD_Kaggle/Data/Audio/Female/PTDB-TUG/mic_F01_si454.wav,../audioData/VAD_Kaggle/Data/Annotation/Female/PTDB-TUG/mic_F01_si454.TextGrid
../audioData/VAD_Kaggle/Data/Audio/Female/PTDB-TUG/mic_F01_si473.wav,../audioData/VAD_Kaggle/Data/Annotation/Female/PTDB-TUG/mic_F01_si473.TextGrid
../audioData/VAD_Kaggle/Data/Audio/Female/PTDB-TUG/mic_F01_si502.wav,../audioData/VAD_Kaggle/Data/Annotation/Female/PTDB-TUG/mic_F01_si502.TextGrid
../audioData/VAD_Kaggle/Data/Audio/Female/PTDB-TUG/mic_F01_si523.wav,../audioData/VAD_Kaggle/Data/Annotation/Female/PTDB-TUG/mic_F01_si523.TextGrid
../audioData/VAD_Kaggle/Data/Audio/Female/PTDB-TUG/mic_F01_si528.wav,../audioData/VAD_Kaggle/Data/Annotation/Female/PTDB-TUG/mic_F01_si528.TextGrid
../audioData/VAD_Kaggle/Data/Audio/Female/PTDB-TUG/mic_F01_si575.wav,../audioData/VAD_Kaggle/Data/Annotation/Female/PTDB-TUG/mic_F01_si575.TextGrid
../audioData/VAD_Kaggle/Data/Audio/Female/PTDB-TUG/mic_F01_si606.wav,../audioData/VAD_Kaggle/Data/Annotation/Female/PTDB-TUG/mic_F01_si606.TextGrid
../audioData/VAD_Kaggle/Data/Audio/Female/PTDB-TUG/mic_F01_si629.wav,../audioData/VAD_Kaggle/Data/Annotation/Female/PTDB-TUG/mic_F01_si629.TextGrid
../audioData/VAD_Kaggle/Data/Audio/Female/PTDB-TUG/mic_F01_si640.wav,../audioData/VAD_Kaggle/Data/Annotation/Female/PTDB-TUG/mic_F01_si640.TextGrid
../audioData/VAD_Kaggle/Data/Audio/Female/PTDB-TUG/mic_F01_sx16.wav,../audioData/VAD_Kaggle/Data/Annotation/Female/PTDB-TUG/mic_F01_sx16.TextGrid
../audioData/VAD_Kaggle/Data/Audio/Female/PTDB-TUG/mic_F01_sx42.wav,../audioData/VAD_Kaggle/Data/Annotation/Female/PTDB-TUG/mic_F01_sx42.TextGrid
../audioData/VAD_Kaggle/Data/Audio/Female/PTDB-TUG/mic_F02_sa1.wav,../audioData/VAD_Kaggle/Data/Annotation/Female/PTDB-TUG/mic_F02_sa1.TextGrid
../audioData/VAD_Kaggle/Data/Audio/Female/PTDB-TUG/mic_F02_si654.wav,../audioData/VAD_Kaggle/Data/Annotation/Female/PTDB-TUG/mic_F02_si654.TextGrid
../audioData/VAD_Kaggle/Data/Audio/Female/PTDB-TUG/mic_F02_si675.wav,../audioData/VAD_Kaggle/Data/Annotation/Female/PTDB-TUG/mic_F02_si675.TextGrid
../audioData/VAD_Kaggle/Data/Audio/Female/PTDB-TUG/mic_F02_si698.wav,../audioData/VAD_Kaggle/Data/Annotation/Female/PTDB-TUG/mic_F02_si698.TextGrid
../audioData/VAD_Kaggle/Data/Audio/Female/PTDB-TUG/mic_F02_si737.wav,../audioData/VAD_Kaggle/Data/Annotation/Female/PTDB-TUG/mic_F02_si737.TextGrid
../audioData/VAD_Kaggle/Data/Audio/Female/PTDB-TUG/mic_F02_si772.wav,../audioData/VAD_Kaggle/Data/Annotation/Female/PTDB-TUG/mic_F02_si772.TextGrid
../audioData/VAD_Kaggle/Data/Audio/Female/PTDB-TUG/mic_F02_si790.wav,../audioData/VAD_Kaggle/Data/Annotation/Female/PTDB-TUG/mic_F02_si790.TextGrid
../audioData/VAD_Kaggle/Data/Audio/Female/PTDB-TUG/mic_F02_si791.wav,../audioData/VAD_Kaggle/Data/Annotation/Female/PTDB-TUG/mic_F02_si791.TextGrid
../audioData/VAD_Kaggle/Data/Audio/Female/PTDB-TUG/mic_F02_si817.wav,../audioData/VAD_Kaggle/Data/Annotation/Female/PTDB-TUG/mic_F02_si817.TextGrid
../audioData/VAD_Kaggle/Data/Audio/Female/PTDB-TUG/mic_F02_si822.wav,../audioData/VAD_Kaggle/Data/Annotation/Female/PTDB-TUG/mic_F02_si822.TextGrid
../audioData/VAD_Kaggle/Data/Audio/Female/PTDB-TUG/mic_F02_sx48.wav,../audioData/VAD_Kaggle/Data/Annotation/Female/PTDB-TUG/mic_F02_sx48.TextGrid
../audioData/VAD_Kaggle/Data/Audio/Female/PTDB-TUG/mic_F02_sx86.wav,../audioData/VAD_Kaggle/Data/Annotation/Female/PTDB-TUG/mic_F02_sx86.TextGrid
../audioData/VAD_Kaggle/Data/Audio/Female/PTDB-TUG/mic_F03_si1018.wav,../audioData/VAD_Kaggle/Data/Annotation/Female/PTDB-TUG/mic_F03_si1018.TextGrid
../audioData/VAD_Kaggle/Data/Audio/Female/PTDB-TUG/mic_F03_si864.wav,../audioData/VAD_Kaggle/Data/Annotation/Female/PTDB-TUG/mic_F03_si864.TextGrid
../audioData/VAD_Kaggle/Data/Audio/Female/PTDB-TUG/mic_F03_si872.wav,../audioData/VAD_Kaggle/Data/Annotation/Female/PTDB-TUG/mic_F03_si872.TextGrid
../audioData/VAD_Kaggle/Data/Audio/Female/PTDB-TUG/mic_F03_si892.wav,../audioData/VAD_Kaggle/Data/Annotation/Female/PTDB-TUG/mic_F03_si892.TextGrid
../audioData/VAD_Kaggle/Data/Audio/Female/PTDB-TUG/mic_F03_si903.wav,../audioData/VAD_Kaggle/Data/Annotation/Female/PTDB-TUG/mic_F03_si903.TextGrid
../audioData/VAD_Kaggle/Data/Audio/Female/PTDB-TUG/mic_F03_si908.wav,../audioData/VAD_Kaggle/Data/Annotation/Female/PTDB-TUG/mic_F03_si908.TextGrid
../audioData/VAD_Kaggle/Data/Audio/Female/PTDB-TUG/mic_F03_si924.wav,../audioData/VAD_Kaggle/Data/Annotation/Female/PTDB-TUG/mic_F03_si924.TextGrid
../audioData/VAD_Kaggle/Data/Audio/Female/PTDB-TUG/mic_F03_si954.wav,../audioData/VAD_Kaggle/Data/Annotation/Female/PTDB-TUG/mic_F03_si954.TextGrid
../audioData/VAD_Kaggle/Data/Audio/Female/PTDB-TUG/mic_F03_si963.wav,../audioData/VAD_Kaggle/Data/Annotation/Female/PTDB-TUG/mic_F03_si963.TextGrid
../audioData/VAD_Kaggle/Data/Audio/Female/PTDB-TUG/mic_F03_si985.wav,../audioData/VAD_Kaggle/Data/Annotation/Female/PTDB-TUG/mic_F03_si985.TextGrid
../audioData/VAD_Kaggle/Data/Audio/Female/PTDB-TUG/mic_F03_sx125.wav,../audioData/VAD_Kaggle/Data/Annotation/Female/PTDB-TUG/mic_F03_sx125.TextGrid
../audioData/VAD_Kaggle/Data/Audio/Female/PTDB-TUG/mic_F03_sx95.wav,../audioData/VAD_Kaggle/Data/Annotation/Female/PTDB-TUG/mic_F03_sx95.TextGrid
../audioData/VAD_Kaggle/Data/Audio/Female/PTDB-TUG/mic_F04_si1046.wav,../audioData/VAD_Kaggle/Data/Annotation/Female/PTDB-TUG/mic_F04_si1046.TextGrid
../audioData/VAD_Kaggle/Data/Audio/Female/PTDB-TUG/mic_F04_si1057.wav,../audioData/VAD_Kaggle/Data/Annotation/Female/PTDB-TUG/mic_F04_si1057.TextGrid
../audioData/VAD_Kaggle/Data/Audio/Female/PTDB-TUG/mic_F04_si1058.wav,../audioData/VAD_Kaggle/Data/Annotation/Female/PTDB-TUG/mic_F04_si1058.TextGrid
../audioData/VAD_Kaggle/Data/Audio/Female/PTDB-TUG/mic_F04_si1097.wav,../audioData/VAD_Kaggle/Data/Annotation/Female/PTDB-TUG/mic_F04_si1097.TextGrid
../audioData/VAD_Kaggle/Data/Audio/Female/PTDB-TUG/mic_F04_si1117.wav,../audioData/VAD_Kaggle/Data/Annotation/Female/PTDB-TUG/mic_F04_si1117.TextGrid
../audioData/VAD_Kaggle/Data/Audio/Female/PTDB-TUG/mic_F04_si1126.wav,../audioData/VAD_Kaggle/Data/Annotation/Female/PTDB-TUG/mic_F04_si1126.TextGrid
../audioData/VAD_Kaggle/Data/Audio/Female/PTDB-TUG/mic_F04_si1169.wav,../audioData/VAD_Kaggle/Data/Annotation/Female/PTDB-TUG/mic_F04_si1169.TextGrid
../audioData/VAD_Kaggle/Data/Audio/Female/PTDB-TUG/mic_F04_si1193.wav,../audioData/VAD_Kaggle/Data/Annotation/Female/PTDB-TUG/mic_F04_si1193.TextGrid
../audioData/VAD_Kaggle/Data/Audio/Female/PTDB-TUG/mic_F04_si1197.wav,../audioData/VAD_Kaggle/Data/Annotation/Female/PTDB-TUG/mic_F04_si1197.TextGrid
../audioData/VAD_Kaggle/Data/Audio/Female/PTDB-TUG/mic_F04_si1206.wav,../audioData/VAD_Kaggle/Data/Annotation/Female/PTDB-TUG/mic_F04_si1206.TextGrid
../audioData/VAD_Kaggle/Data/Audio/Female/PTDB-TUG/mic_F04_sx147.wav,../audioData/VAD_Kaggle/Data/Annotation/Female/PTDB-TUG/mic_F04_sx147.TextGrid
../audioData/VAD_Kaggle/Data/Audio/Female/PTDB-TUG/mic_F04_sx180.wav,../audioData/VAD_Kaggle/Data/Annotation/Female/PTDB-TUG/mic_F04_sx180.TextGrid
../audioData/VAD_Kaggle/Data/Audio/Female/PTDB-TUG/mic_F05_si1222.wav,../audioData/VAD_Kaggle/Data/Annotation/Female/PTDB-TUG/mic_F05_si1222.TextGrid
../audioData/VAD_Kaggle/Data/Audio/Female/PTDB-TUG/mic_F05_si1241.wav,../audioData/VAD_Kaggle/Data/Annotation/Female/PTDB-TUG/mic_F05_si1241.TextGrid
../audioData/VAD_Kaggle/Data/Audio/Female/PTDB-TUG/mic_F05_si1256.wav,../audioData/VAD_Kaggle/Data/Annotation/Female/PTDB-TUG/mic_F05_si1256.TextGrid
../audioData/VAD_Kaggle/Data/Audio/Female/PTDB-TUG/mic_F05_si1277.wav,../audioData/VAD_Kaggle/Data/Annotation/Female/PTDB-TUG/mic_F05_si1277.TextGrid
../audioData/VAD_Kaggle/Data/Audio/Female/PTDB-TUG/mic_F05_si1300.wav,../audioData/VAD_Kaggle/Data/Annotation/Female/PTDB-TUG/mic_F05_si1300.TextGrid
../audioData/VAD_Kaggle/Data/Audio/Female/PTDB-TUG/mic_F05_si1317.wav,../audioData/VAD_Kaggle/Data/Annotation/Female/PTDB-TUG/mic_F05_si1317.TextGrid
../audioData/VAD_Kaggle/Data/Audio/Female/PTDB-TUG/mic_F05_si1332.wav,../audioData/VAD_Kaggle/Data/Annotation/Female/PTDB-TUG/mic_F05_si1332.TextGrid
../audioData/VAD_Kaggle/Data/Audio/Female/PTDB-TUG/mic_F05_si1359.wav,../audioData/VAD_Kaggle/Data/Annotation/Female/PTDB-TUG/mic_F05_si1359.TextGrid
../audioData/VAD_Kaggle/Data/Audio/Female/PTDB-TUG/mic_F05_si1392.wav,../audioData/VAD_Kaggle/Data/Annotation/Female/PTDB-TUG/mic_F05_si1392.TextGrid
../audioData/VAD_Kaggle/Data/Audio/Female/PTDB-TUG/mic_F05_si1397.wav,../audioData/VAD_Kaggle/Data/Annotation/Female/PTDB-TUG/mic_F05_si1397.TextGrid
../audioData/VAD_Kaggle/Data/Audio/Female/PTDB-TUG/mic_F05_sx187.wav,../audioData/VAD_Kaggle/Data/Annotation/Female/PTDB-TUG/mic_F05_sx187.TextGrid
../audioData/VAD_Kaggle/Data/Audio/Female/PTDB-TUG/mic_F05_sx205.wav,../audioData/VAD_Kaggle/Data/Annotation/Female/PTDB-TUG/mic_F05_sx205.TextGrid
../audioData/VAD_Kaggle/Data/Audio/Female/PTDB-TUG/mic_F06_si1430.wav,../audioData/VAD_Kaggle/Data/Annotation/Female/PTDB-TUG/mic_F06_si1430.TextGrid
../audioData/VAD_Kaggle/Data/Audio/Female/PTDB-TUG/mic_F06_si1431.wav,../audioData/VAD_Kaggle/Data/Annotation/Female/PTDB-TUG/mic_F06_si1431.TextGrid
../audioData/VAD_Kaggle/Data/Audio/Female/PTDB-TUG/mic_F06_si1444.wav,../audioData/VAD_Kaggle/Data/Annotation/Female/PTDB-TUG/mic_F06_si1444.TextGrid
../audioData/VAD_Kaggle/Data/Audio/Female/PTDB-TUG/mic_F06_si1458.wav,../audioData/VAD_Kaggle/Data/Annotation/Female/PTDB-TUG/mic_F06_si1458.TextGrid
../audioData/VAD_Kaggle/Data/Audio/Female/PTDB-TUG/mic_F06_si1482.wav,../audioData/VAD_Kaggle/Data/Annotation/Female/PTDB-TUG/mic_F06_si1482.TextGrid
../audioData/VAD_Kaggle/Data/Audio/Female/PTDB-TUG/mic_F06_si1485.wav,../audioData/VAD_Kaggle/Data/Annotation/Female/PTDB-TUG/mic_F06_si1485.TextGrid
../audioData/VAD_Kaggle/Data/Audio/Female/PTDB-TUG/mic_F06_si1504.wav,../audioData/VAD_Kaggle/Data/Annotation/Female/PTDB-TUG/mic_F06_si1504.TextGrid
../audioData/VAD_Kaggle/Data/Audio/Female/PTDB-TUG/mic_F06_si1524.wav,../audioData/VAD_Kaggle/Data/Annotation/Female/PTDB-TUG/mic_F06_si1524.TextGrid
../audioData/VAD_Kaggle/Data/Audio/Female/PTDB-TUG/mic_F06_si1555.wav,../audioData/VAD_Kaggle/Data/Annotation/Female/PTDB-TUG/mic_F06_si1555.TextGrid
../audioData/VAD_Kaggle/Data/Audio/Female/PTDB-TUG/mic_F06_si1586.wav,../audioData/VAD_Kaggle/Data/Annotation/Female/PTDB-TUG/mic_F06_si1586.TextGrid
../audioData/VAD_Kaggle/Data/Audio/Female/PTDB-TUG/mic_F06_sx266.wav,../audioData/VAD_Kaggle/Data/Annotation/Female/PTDB-TUG/mic_F06_sx266.TextGrid
../audioData/VAD_Kaggle/Data/Audio/Female/PTDB-TUG/mic_F06_sx271.wav,../audioData/VAD_Kaggle/Data/Annotation/Female/PTDB-TUG/mic_F06_sx271.TextGrid
../audioData/VAD_Kaggle/Data/Audio/Female/PTDB-TUG/mic_F07_si1587.wav,../audioData/VAD_Kaggle/Data/Annotation/Female/PTDB-TUG/mic_F07_si1587.TextGrid
../audioData/VAD_Kaggle/Data/Audio/Female/PTDB-TUG/mic_F07_si1593.wav,../audioData/VAD_Kaggle/Data/Annotation/Female/PTDB-TUG/mic_F07_si1593.TextGrid
../audioData/VAD_Kaggle/Data/Audio/Female/PTDB-TUG/mic_F07_si1618.wav,../audioData/VAD_Kaggle/Data/Annotation/Female/PTDB-TUG/mic_F07_si1618.TextGrid
../audioData/VAD_Kaggle/Data/Audio/Female/PTDB-TUG/mic_F07_si1654.wav,../audioData/VAD_Kaggle/Data/Annotation/Female/PTDB-TUG/mic_F07_si1654.TextGrid
../audioData/VAD_Kaggle/Data/Audio/Female/PTDB-TUG/mic_F07_si1666.wav,../audioData/VAD_Kaggle/Data/Annotation/Female/PTDB-TUG/mic_F07_si1666.TextGrid
../audioData/VAD_Kaggle/Data/Audio/Female/PTDB-TUG/mic_F07_si1684.wav,../audioData/VAD_Kaggle/Data/Annotation/Female/PTDB-TUG/mic_F07_si1684.TextGrid
../audioData/VAD_Kaggle/Data/Audio/Female/PTDB-TUG/mic_F07_si1712.wav,../audioData/VAD_Kaggle/Data/Annotation/Female/PTDB-TUG/mic_F07_si1712.TextGrid
../audioData/VAD_Kaggle/Data/Audio/Female/PTDB-TUG/mic_F07_si1713.wav,../audioData/VAD_Kaggle/Data/Annotation/Female/PTDB-TUG/mic_F07_si1713.TextGrid
../audioData/VAD_Kaggle/Data/Audio/Female/PTDB-TUG/mic_F07_si1729.wav,../audioData/VAD_Kaggle/Data/Annotation/Female/PTDB-TUG/mic_F07_si1729.TextGrid
../audioData/VAD_Kaggle/Data/Audio/Female/PTDB-TUG/mic_F07_si1764.wav,../audioData/VAD_Kaggle/Data/Annotation/Female/PTDB-TUG/mic_F07_si1764.TextGrid
../audioData/VAD_Kaggle/Data/Audio/Female/PTDB-TUG/mic_F07_sx280.wav,../audioData/VAD_Kaggle/Data/Annotation/Female/PTDB-TUG/mic_F07_sx280.TextGrid
../audioData/VAD_Kaggle/Data/Audio/Female/PTDB-TUG/mic_F07_sx304.wav,../audioData/VAD_Kaggle/Data/Annotation/Female/PTDB-TUG/mic_F07_sx304.TextGrid
../audioData/VAD_Kaggle/Data/Audio/Female/PTDB-TUG/mic_F08_si1788.wav,../audioData/VAD_Kaggle/Data/Annotation/Female/PTDB-TUG/mic_F08_si1788.TextGrid
../audioData/VAD_Kaggle/Data/Audio/Female/PTDB-TUG/mic_F08_si1791.wav,../audioData/VAD_Kaggle/Data/Annotation/Female/PTDB-TUG/mic_F08_si1791.TextGrid
../audioData/VAD_Kaggle/Data/Audio/Female/PTDB-TUG/mic_F08_si1818.wav,../audioData/VAD_Kaggle/Data/Annotation/Female/PTDB-TUG/mic_F08_si1818.TextGrid
../audioData/VAD_Kaggle/Data/Audio/Female/PTDB-TUG/mic_F08_si1820.wav,../audioData/VAD_Kaggle/Data/Annotation/Female/PTDB-TUG/mic_F08_si1820.TextGrid
../audioData/VAD_Kaggle/Data/Audio/Female/PTDB-TUG/mic_F08_si1846.wav,../audioData/VAD_Kaggle/Data/Annotation/Female/PTDB-TUG/mic_F08_si1846.TextGrid
../audioData/VAD_Kaggle/Data/Audio/Female/PTDB-TUG/mic_F08_si1890.wav,../audioData/VAD_Kaggle/Data/Annotation/Female/PTDB-TUG/mic_F08_si1890.TextGrid
../audioData/VAD_Kaggle/Data/Audio/Female/PTDB-TUG/mic_F08_si1892.wav,../audioData/VAD_Kaggle/Data/Annotation/Female/PTDB-TUG/mic_F08_si1892.TextGrid
../audioData/VAD_Kaggle/Data/Audio/Female/PTDB-TUG/mic_F08_si1911.wav,../audioData/VAD_Kaggle/Data/Annotation/Female/PTDB-TUG/mic_F08_si1911.TextGrid
../audioData/VAD_Kaggle/Data/Audio/Female/PTDB-TUG/mic_F08_si1934.wav,../audioData/VAD_Kaggle/Data/Annotation/Female/PTDB-TUG/mic_F08_si1934.TextGrid
../audioData/VAD_Kaggle/Data/Audio/Female/PTDB-TUG/mic_F08_si1952.wav,../audioData/VAD_Kaggle/Data/Annotation/Female/PTDB-TUG/mic_F08_si1952.TextGrid
../audioData/VAD_Kaggle/Data/Audio/Female/PTDB-TUG/mic_F08_sx353.wav,../audioData/VAD_Kaggle/Data/Annotation/Female/PTDB-TUG/mic_F08_sx353.TextGrid
../audioData/VAD_Kaggle/Data/Audio/Female/PTDB-TUG/mic_F08_sx362.wav,../audioData/VAD_Kaggle/Data/Annotation/Female/PTDB-TUG/mic_F08_sx362.TextGrid
../audioData/VAD_Kaggle/Data/Audio/Female/PTDB-TUG/mic_F09_si1974.wav,../audioData/VAD_Kaggle/Data/Annotation/Female/PTDB-TUG/mic_F09_si1974.TextGrid
../audioData/VAD_Kaggle/Data/Audio/Female/PTDB-TUG/mic_F09_si1979.wav,../audioData/VAD_Kaggle/Data/Annotation/Female/PTDB-TUG/mic_F09_si1979.TextGrid
../audioData/VAD_Kaggle/Data/Audio/Female/PTDB-TUG/mic_F09_si2002.wav,../audioData/VAD_Kaggle/Data/Annotation/Female/PTDB-TUG/mic_F09_si2002.TextGrid
../audioData/VAD_Kaggle/Data/Audio/Female/PTDB-TUG/mic_F09_si2009.wav,../audioData/VAD_Kaggle/Data/Annotation/Female/PTDB-TUG/mic_F09_si2009.TextGrid
../audioData/VAD_Kaggle/Data/Audio/Female/PTDB-TUG/mic_F09_si2020.wav,../audioData/VAD_Kaggle/Data/Annotation/Female/PTDB-TUG/mic_F09_si2020.TextGrid
../audioData/VAD_Kaggle/Data/Audio/Female/PTDB-TUG/mic_F09_si2056.wav,../audioData/VAD_Kaggle/Data/Annotation/Female/PTDB-TUG/mic_F09_si2056.TextGrid
../audioData/VAD_Kaggle/Data/Audio/Female/PTDB-TUG/mic_F09_si2076.wav,../audioData/VAD_Kaggle/Data/Annotation/Female/PTDB-TUG/mic_F09_si2076.TextGrid
../audioData/VAD_Kaggle/Data/Audio/Female/PTDB-TUG/mic_F09_si2078.wav,../audioData/VAD_Kaggle/Data/Annotation/Female/PTDB-TUG/mic_F09_si2078.TextGrid
../audioData/VAD_Kaggle/Data/Audio/Female/PTDB-TUG/mic_F09_si2111.wav,../audioData/VAD_Kaggle/Data/Annotation/Female/PTDB-TUG/mic_F09_si2111.TextGrid
../audioData/VAD_Kaggle/Data/Audio/Female/PTDB-TUG/mic_F09_si2146.wav,../audioData/VAD_Kaggle/Data/Annotation/Female/PTDB-TUG/mic_F09_si2146.TextGrid
../audioData/VAD_Kaggle/Data/Audio/Female/PTDB-TUG/mic_F09_sx367.wav,../audioData/VAD_Kaggle/Data/Annotation/Female/PTDB-TUG/mic_F09_sx367.TextGrid
../audioData/VAD_Kaggle/Data/Audio/Female/PTDB-TUG/mic_F09_sx407.wav,../audioData/VAD_Kaggle/Data/Annotation/Female/PTDB-TUG/mic_F09_sx407.TextGrid
../audioData/VAD_Kaggle/Data/Audio/Female/PTDB-TUG/mic_F10_si2157.wav,../audioData/VAD_Kaggle/Data/Annotation/Female/PTDB-TUG/mic_F10_si2157.TextGrid
../audioData/VAD_Kaggle/Data/Audio/Female/PTDB-TUG/mic_F10_si2174.wav,../audioData/VAD_Kaggle/Data/Annotation/Female/PTDB-TUG/mic_F10_si2174.TextGrid
../audioData/VAD_Kaggle/Data/Audio/Female/PTDB-TUG/mic_F10_si2201.wav,../audioData/VAD_Kaggle/Data/Annotation/Female/PTDB-TUG/mic_F10_si2201.TextGrid
../audioData/VAD_Kaggle/Data/Audio/Female/PTDB-TUG/mic_F10_si2233.wav,../audioData/VAD_Kaggle/Data/Annotation/Female/PTDB-TUG/mic_F10_si2233.TextGrid
../audioData/VAD_Kaggle/Data/Audio/Female/PTDB-TUG/mic_F10_si2239.wav,../audioData/VAD_Kaggle/Data/Annotation/Female/PTDB-TUG/mic_F10_si2239.TextGrid
../audioData/VAD_Kaggle/Data/Audio/Female/PTDB-TUG/mic_F10_si2274.wav,../audioData/VAD_Kaggle/Data/Annotation/Female/PTDB-TUG/mic_F10_si2274.TextGrid
../audioData/VAD_Kaggle/Data/Audio/Female/PTDB-TUG/mic_F10_si2294.wav,../audioData/VAD_Kaggle/Data/Annotation/Female/PTDB-TUG/mic_F10_si2294.TextGrid
../audioData/VAD_Kaggle/Data/Audio/Female/PTDB-TUG/mic_F10_si2327.wav,../audioData/VAD_Kaggle/Data/Annotation/Female/PTDB-TUG/mic_F10_si2327.TextGrid
../audioData/VAD_Kaggle/Data/Audio/Female/PTDB-TUG/mic_F10_si2329.wav,../audioData/VAD_Kaggle/Data/Annotation/Female/PTDB-TUG/mic_F10_si2329.TextGrid
../audioData/VAD_Kaggle/Data/Audio/Female/PTDB-TUG/mic_F10_si2340.wav,../audioData/VAD_Kaggle/Data/Annotation/Female/PTDB-TUG/mic_F10_si2340.TextGrid
../audioData/VAD_Kaggle/Data/Audio/Female/PTDB-TUG/mic_F10_sx436.wav,../audioData/VAD_Kaggle/Data/Annotation/Female/PTDB-TUG/mic_F10_sx436.TextGrid
../audioData/VAD_Kaggle/Data/Audio/Female/PTDB-TUG/mic_F10_sx452.wav,../audioData/VAD_Kaggle/Data/Annotation/Female/PTDB-TUG/mic_F10_sx452.TextGrid
../audioData/VAD_Kaggle/Data/Audio/Female/TMIT/SA1.wav,../audioData/VAD_Kaggle/Data/Annotation/Female/TMIT/SA1.TextGrid
../audioData/VAD_Kaggle/Data/Audio/Female/TMIT/SA2.wav,../audioData/VAD_Kaggle/Data/Annotation/Female/TMIT/SA2.TextGrid
../audioData/VAD_Kaggle/Data/Audio/Female/TMIT/SI1022.wav,../audioData/VAD_Kaggle/Data/Annotation/Female/TMIT/SI1022.TextGrid
../audioData/VAD_Kaggle/Data/Audio/Female/TMIT/SI1027.wav,../audioData/VAD_Kaggle/Data/Annotation/Female/TMIT/SI1027.TextGrid
../audioData/VAD_Kaggle/Data/Audio/Female/TMIT/SI1115.wav,../audioData/VAD_Kaggle/Data/Annotation/Female/TMIT/SI1115.TextGrid
../audioData/VAD_Kaggle/Data/Audio/Female/TMIT/SI1117.wav,../audioData/VAD_Kaggle/Data/Annotation/Female/TMIT/SI1117.TextGrid
../audioData/VAD_Kaggle/Data/Audio/Female/TMIT/SI1137.wav,../audioData/VAD_Kaggle/Data/Annotation/Female/TMIT/SI1137.TextGrid
../audioData/VAD_Kaggle/Data/Audio/Female/TMIT/SI1148.wav,../audioData/VAD_Kaggle/Data/Annotation/Female/TMIT/SI1148.TextGrid
../audioData/VAD_Kaggle/Data/Audio/Female/TMIT/SI1152.wav,../audioData/VAD_Kaggle/Data/Annotation/Female/TMIT/SI1152.TextGrid
../audioData/VAD_Kaggle/Data/Audio/Female/TMIT/SI1160.wav,../audioData/VAD_Kaggle/Data/Annotation/Female/TMIT/SI1160.TextGrid
../audioData/VAD_Kaggle/Data/Audio/Female/TMIT/SI1203.wav,../audioData/VAD_Kaggle/Data/Annotation/Female/TMIT/SI1203.TextGrid
../audioData/VAD_Kaggle/Data/Audio/Female/TMIT/SI1208.wav,../audioData/VAD_Kaggle/Data/Annotation/Female/TMIT/SI1208.TextGrid
../audioData/VAD_Kaggle/Data/Audio/Female/TMIT/SI1211.wav,../audioData/VAD_Kaggle/Data/Annotation/Female/TMIT/SI1211.TextGrid
../audioData/VAD_Kaggle/Data/Audio/Female/TMIT/SI1241.wav,../audioData/VAD_Kaggle/Data/Annotation/Female/TMIT/SI1241.TextGrid
../audioData/VAD_Kaggle/Data/Audio/Female/TMIT/SI1254.wav,../audioData/VAD_Kaggle/Data/Annotation/Female/TMIT/SI1254.TextGrid
../audioData/VAD_Kaggle/Data/Audio/Female/TMIT/SI1290.wav,../audioData/VAD_Kaggle/Data/Annotation/Female/TMIT/SI1290.TextGrid
../audioData/VAD_Kaggle/Data/Audio/Female/TMIT/SI1300.wav,../audioData/VAD_Kaggle/Data/Annotation/Female/TMIT/SI1300.TextGrid
../audioData/VAD_Kaggle/Data/Audio/Female/TMIT/SI1329.wav,../audioData/VAD_Kaggle/Data/Annotation/Female/TMIT/SI1329.TextGrid
../audioData/VAD_Kaggle/Data/Audio/Female/TMIT/SI1339.wav,../audioData/VAD_Kaggle/Data/Annotation/Female/TMIT/SI1339.TextGrid
../audioData/VAD_Kaggle/Data/Audio/Female/TMIT/SI1344.wav,../audioData/VAD_Kaggle/Data/Annotation/Female/TMIT/SI1344.TextGrid
../audioData/VAD_Kaggle/Data/Audio/Female/TMIT/SI1377.wav,../audioData/VAD_Kaggle/Data/Annotation/Female/TMIT/SI1377.TextGrid
../audioData/VAD_Kaggle/Data/Audio/Female/TMIT/SI1389.wav,../audioData/VAD_Kaggle/Data/Annotation/Female/TMIT/SI1389.TextGrid
../audioData/VAD_Kaggle/Data/Audio/Female/TMIT/SI1392.wav,../audioData/VAD_Kaggle/Data/Annotation/Female/TMIT/SI1392.TextGrid
../audioData/VAD_Kaggle/Data/Audio/Female/TMIT/SI1438.wav,../audioData/VAD_Kaggle/Data/Annotation/Female/TMIT/SI1438.TextGrid
../audioData/VAD_Kaggle/Data/Audio/Female/TMIT/SI1471.wav,../audioData/VAD_Kaggle/Data/Annotation/Female/TMIT/SI1471.TextGrid
../audioData/VAD_Kaggle/Data/Audio/Female/TMIT/SI1503.wav,../audioData/VAD_Kaggle/Data/Annotation/Female/TMIT/SI1503.TextGrid
../audioData/VAD_Kaggle/Data/Audio/Female/TMIT/SI1561.wav,../audioData/VAD_Kaggle/Data/Annotation/Female/TMIT/SI1561.TextGrid
../audioData/VAD_Kaggle/Data/Audio/Female/TMIT/SI1590.wav,../audioData/VAD_Kaggle/Data/Annotation/Female/TMIT/SI1590.TextGrid
../audioData/VAD_Kaggle/Data/Audio/Female/TMIT/SI1641.wav,../audioData/VAD_Kaggle/Data/Annotation/Female/TMIT/SI1641.TextGrid
../audioData/VAD_Kaggle/Data/Audio/Female/TMIT/SI1652.wav,../audioData/VAD_Kaggle/Data/Annotation/Female/TMIT/SI1652.TextGrid
../audioData/VAD_Kaggle/Data/Audio/Female/TMIT/SI1657.wav,../audioData/VAD_Kaggle/Data/Annotation/Female/TMIT/SI1657.TextGrid
../audioData/VAD_Kaggle/Data/Audio/Female/TMIT/SI1745.wav,../audioData/VAD_Kaggle/Data/Annotation/Female/TMIT/SI1745.TextGrid
../audioData/VAD_Kaggle/Data/Audio/Female/TMIT/SI1747.wav,../audioData/VAD_Kaggle/Data/Annotation/Female/TMIT/SI1747.TextGrid
../audioData/VAD_Kaggle/Data/Audio/Female/TMIT/SI1767.wav,../audioData/VAD_Kaggle/Data/Annotation/Female/TMIT/SI1767.TextGrid
../audioData/VAD_Kaggle/Data/Audio/Female/TMIT/SI1778.wav,../audioData/VAD_Kaggle/Data/Annotation/Female/TMIT/SI1778.TextGrid
../audioData/VAD_Kaggle/Data/Audio/Female/TMIT/SI1782.wav,../audioData/VAD_Kaggle/Data/Annotation/Female/TMIT/SI1782.TextGrid
../audioData/VAD_Kaggle/Data/Audio/Female/TMIT/SI1790.wav,../audioData/VAD_Kaggle/Data/Annotation/Female/TMIT/SI1790.TextGrid
../audioData/VAD_Kaggle/Data/Audio/Female/TMIT/SI1827.wav,../audioData/VAD_Kaggle/Data/Annotation/Female/TMIT/SI1827.TextGrid
../audioData/VAD_Kaggle/Data/Audio/Female/TMIT/SI1838.wav,../audioData/VAD_Kaggle/Data/Annotation/Female/TMIT/SI1838.TextGrid
../audioData/VAD_Kaggle/Data/Audio/Female/TMIT/SI1871.wav,../audioData/VAD_Kaggle/Data/Annotation/Female/TMIT/SI1871.TextGrid
../audioData/VAD_Kaggle/Data/Audio/Female/TMIT/SI1880.wav,../audioData/VAD_Kaggle/Data/Annotation/Female/TMIT/SI1880.TextGrid
../audioData/VAD_Kaggle/Data/Audio/Female/TMIT/SI1884.wav,../audioData/VAD_Kaggle/Data/Annotation/Female/TMIT/SI1884.TextGrid
../audioData/VAD_Kaggle/Data/Audio/Female/TMIT/SI1913.wav,../audioData/VAD_Kaggle/Data/Annotation/Female/TMIT/SI1913.TextGrid
../audioData/VAD_Kaggle/Data/Audio/Female/TMIT/SI1920.wav,../audioData/VAD_Kaggle/Data/Annotation/Female/TMIT/SI1920.TextGrid
../audioData/VAD_Kaggle/Data/Audio/Female/TMIT/SI1930.wav,../audioData/VAD_Kaggle/Data/Annotation/Female/TMIT/SI1930.TextGrid
../audioData/VAD_Kaggle/Data/Audio/Female/TMIT/SI1971.wav,../audioData/VAD_Kaggle/Data/Annotation/Female/TMIT/SI1971.TextGrid
../audioData/VAD_Kaggle/Data/Audio/Female/TMIT/SI1974.wav,../audioData/VAD_Kaggle/Data/Annotation/Female/TMIT/SI1974.TextGrid
../audioData/VAD_Kaggle/Data/Audio/Female/TMIT/SI1990.wav,../audioData/VAD_Kaggle/Data/Annotation/Female/TMIT/SI1990.TextGrid
../audioData/VAD_Kaggle/Data/Audio/Female/TMIT/SI2007.wav,../audioData/VAD_Kaggle/Data/Annotation/Female/TMIT/SI2007.TextGrid
../audioData/VAD_Kaggle/Data/Audio/Female/TMIT/SI2019.wav,../audioData/VAD_Kaggle/Data/Annotation/Female/TMIT/SI2019.TextGrid
../audioData/VAD_Kaggle/Data/Audio/Female/TMIT/SI2022.wav,../audioData/VAD_Kaggle/Data/Annotation/Female/TMIT/SI2022.TextGrid
../audioData/VAD_Kaggle/Data/Audio/Female/TMIT/SI2053.wav,../audioData/VAD_Kaggle/Data/Annotation/Female/TMIT/SI2053.TextGrid
../audioData/VAD_Kaggle/Data/Audio/Female/TMIT/SI2068.wav,../audioData/VAD_Kaggle/Data/Annotation/Female/TMIT/SI2068.TextGrid
../audioData/VAD_Kaggle/Data/Audio/Female/TMIT/SI2133.wav,../audioData/VAD_Kaggle/Data/Annotation/Female/TMIT/SI2133.TextGrid
../audioData/VAD_Kaggle/Data/Audio/Female/TMIT/SI2161.wav,../audioData/VAD_Kaggle/Data/Annotation/Female/TMIT/SI2161.TextGrid
../audioData/VAD_Kaggle/Data/Audio/Female/TMIT/SI2191.wav,../audioData/VAD_Kaggle/Data/Annotation/Female/TMIT/SI2191.TextGrid
../audioData/VAD_Kaggle/Data/Audio/Female/TMIT/SI2220.wav,../audioData/VAD_Kaggle/Data/Annotation/Female/TMIT/SI2220.TextGrid
../audioData/VAD_Kaggle/Data/Audio/Female/TMIT/SI2264.wav,../audioData/VAD_Kaggle/Data/Annotation/Female/TMIT/SI2264.TextGrid
../audioData/VAD_Kaggle/Data/Audio/Female/TMIT/SI2282.wav,../audioData/VAD_Kaggle/Data/Annotation/Female/TMIT/SI2282.TextGrid
../audioData/VAD_Kaggle/Data/Audio/Female/TMIT/SI474.wav,../audioData/VAD_Kaggle/Data/Annotation/Female/TMIT/SI474.TextGrid
../audioData/VAD_Kaggle/Data/Audio/Female/TMIT/SI485.wav,../audioData/VAD_Kaggle/Data/Annotation/Female/TMIT/SI485.TextGrid
../audioData/VAD_Kaggle/Data/Audio/Female/TMIT/SI487.wav,../audioData/VAD_Kaggle/Data/Annotation/Female/TMIT/SI487.TextGrid
../audioData/VAD_Kaggle/Data/Audio/Female/TMIT/SI507.wav,../audioData/VAD_Kaggle/Data/Annotation/Female/TMIT/SI507.TextGrid
../audioData/VAD_Kaggle/Data/Audio/Female/TMIT/SI518.wav,../audioData/VAD_Kaggle/Data/Annotation/Female/TMIT/SI518.TextGrid
../audioData/VAD_Kaggle/Data/Audio/Female/TMIT/SI573.wav,../audioData/VAD_Kaggle/Data/Annotation/Female/TMIT/SI573.TextGrid
../audioData/VAD_Kaggle/Data/Audio/Female/TMIT/SI578.wav,../audioData/VAD_Kaggle/Data/Annotation/Female/TMIT/SI578.TextGrid
../audioData/VAD_Kaggle/Data/Audio/Female/TMIT/SI581.wav,../audioData/VAD_Kaggle/Data/Annotation/Female/TMIT/SI581.TextGrid
../audioData/VAD_Kaggle/Data/Audio/Female/TMIT/SI611.wav,../audioData/VAD_Kaggle/Data/Annotation/Female/TMIT/SI611.TextGrid
../audioData/VAD_Kaggle/Data/Audio/Female/TMIT/SI620.wav,../audioData/VAD_Kaggle/Data/Annotation/Female/TMIT/SI620.TextGrid
../audioData/VAD_Kaggle/Data/Audio/Female/TMIT/SI624.wav,../audioData/VAD_Kaggle/Data/Annotation/Female/TMIT/SI624.TextGrid
../audioData/VAD_Kaggle/Data/Audio/Female/TMIT/SI648.wav,../audioData/VAD_Kaggle/Data/Annotation/Female/TMIT/SI648.TextGrid
../audioData/VAD_Kaggle/Data/Audio/Female/TMIT/SI660.wav,../audioData/VAD_Kaggle/Data/Annotation/Female/TMIT/SI660.TextGrid
../audioData/VAD_Kaggle/Data/Audio/Female/TMIT/SI670.wav,../audioData/VAD_Kaggle/Data/Annotation/Female/TMIT/SI670.TextGrid
../audioData/VAD_Kaggle/Data/Audio/Female/TMIT/SI679.wav,../audioData/VAD_Kaggle/Data/Annotation/Female/TMIT/SI679.TextGrid
../audioData/VAD_Kaggle/Data/Audio/Female/TMIT/SI686.wav,../audioData/VAD_Kaggle/Data/Annotation/Female/TMIT/SI686.TextGrid
../audioData/VAD_Kaggle/Data/Audio/Female/TMIT/SI699.wav,../audioData/VAD_Kaggle/Data/Annotation/Female/TMIT/SI699.TextGrid
../audioData/VAD_Kaggle/Data/Audio/Female/TMIT/SI747.wav,../audioData/VAD_Kaggle/Data/Annotation/Female/TMIT/SI747.TextGrid
../audioData/VAD_Kaggle/Data/Audio/Female/TMIT/SI759.wav,../audioData/VAD_Kaggle/Data/Annotation/Female/TMIT/SI759.TextGrid
../audioData/VAD_Kaggle/Data/Audio/Female/TMIT/SI762.wav,../audioData/VAD_Kaggle/Data/Annotation/Female/TMIT/SI762.TextGrid
../audioData/VAD_Kaggle/Data/Audio/Female/TMIT/SI793.wav,../audioData/VAD_Kaggle/Data/Annotation/Female/TMIT/SI793.TextGrid
../audioData/VAD_Kaggle/Data/Audio/Female/TMIT/SI808.wav,../audioData/VAD_Kaggle/Data/Annotation/Female/TMIT/SI808.TextGrid
../audioData/VAD_Kaggle/Data/Audio/Female/TMIT/SI841.wav,../audioData/VAD_Kaggle/Data/Annotation/Female/TMIT/SI841.TextGrid
../audioData/VAD_Kaggle/Data/Audio/Female/TMIT/SI901.wav,../audioData/VAD_Kaggle/Data/Annotation/Female/TMIT/SI901.TextGrid
../audioData/VAD_Kaggle/Data/Audio/Female/TMIT/SI931.wav,../audioData/VAD_Kaggle/Data/Annotation/Female/TMIT/SI931.TextGrid
../audioData/VAD_Kaggle/Data/Audio/Female/TMIT/SI960.wav,../audioData/VAD_Kaggle/Data/Annotation/Female/TMIT/SI960.TextGrid
../audioData/VAD_Kaggle/Data/Audio/Female/TMIT/SX116.wav,../audioData/VAD_Kaggle/Data/Annotation/Female/TMIT/SX116.TextGrid
../audioData/VAD_Kaggle/Data/Audio/Female/TMIT/SX117.wav,../audioData/VAD_Kaggle/Data/Annotation/Female/TMIT/SX117.TextGrid
../audioData/VAD_Kaggle/Data/Audio/Female/TMIT/SX120.wav,../audioData/VAD_Kaggle/Data/Annotation/Female/TMIT/SX120.TextGrid
../audioData/VAD_Kaggle/Data/Audio/Female/TMIT/SX121.wav,../audioData/VAD_Kaggle/Data/Annotation/Female/TMIT/SX121.TextGrid
../audioData/VAD_Kaggle/Data/Audio/Female/TMIT/SX122.wav,../audioData/VAD_Kaggle/Data/Annotation/Female/TMIT/SX122.TextGrid
../audioData/VAD_Kaggle/Data/Audio/Female/TMIT/SX123.wav,../audioData/VAD_Kaggle/Data/Annotation/Female/TMIT/SX123.TextGrid
../audioData/VAD_Kaggle/Data/Audio/Female/TMIT/SX125.wav,../audioData/VAD_Kaggle/Data/Annotation/Female/TMIT/SX125.TextGrid
../audioData/VAD_Kaggle/Data/Audio/Female/TMIT/SX127.wav,../audioData/VAD_Kaggle/Data/Annotation/Female/TMIT/SX127.TextGrid
../audioData/VAD_Kaggle/Data/Audio/Female/TMIT/SX128.wav,../audioData/VAD_Kaggle/Data/Annotation/Female/TMIT/SX128.TextGrid
../audioData/VAD_Kaggle/Data/Audio/Female/TMIT/SX129.wav,../audioData/VAD_Kaggle/Data/Annotation/Female/TMIT/SX129.TextGrid
../audioData/VAD_Kaggle/Data/Audio/Female/TMIT/SX130.wav,../audioData/VAD_Kaggle/Data/Annotation/Female/TMIT/SX130.TextGrid
../audioData/VAD_Kaggle/Data/Audio/Female/TMIT/SX131.wav,../audioData/VAD_Kaggle/Data/Annotation/Female/TMIT/SX131.TextGrid
../audioData/VAD_Kaggle/Data/Audio/Female/TMIT/SX132.wav,../audioData/VAD_Kaggle/Data/Annotation/Female/TMIT/SX132.TextGrid
../audioData/VAD_Kaggle/Data/Audio/Female/TMIT/SX147.wav,../audioData/VAD_Kaggle/Data/Annotation/Female/TMIT/SX147.TextGrid
../audioData/VAD_Kaggle/Data/Audio/Female/TMIT/SX150.wav,../audioData/VAD_Kaggle/Data/Annotation/Female/TMIT/SX150.TextGrid
../audioData/VAD_Kaggle/Data/Audio/Female/TMIT/SX153.wav,../audioData/VAD_Kaggle/Data/Annotation/Female/TMIT/SX153.TextGrid
../audioData/VAD_Kaggle/Data/Audio/Female/TMIT/SX158.wav,../audioData/VAD_Kaggle/Data/Annotation/Female/TMIT/SX158.TextGrid
../audioData/VAD_Kaggle/Data/Audio/Female/TMIT/SX159.wav,../audioData/VAD_Kaggle/Data/Annotation/Female/TMIT/SX159.TextGrid
../audioData/VAD_Kaggle/Data/Audio/Female/TMIT/SX161.wav,../audioData/VAD_Kaggle/Data/Annotation/Female/TMIT/SX161.TextGrid
../audioData/VAD_Kaggle/Data/Audio/Female/TMIT/SX162.wav,../audioData/VAD_Kaggle/Data/Annotation/Female/TMIT/SX162.TextGrid
../audioData/VAD_Kaggle/Data/Audio/Female/TMIT/SX163.wav,../audioData/VAD_Kaggle/Data/Annotation/Female/TMIT/SX163.TextGrid
../audioData/VAD_Kaggle/Data/Audio/Female/TMIT/SX174.wav,../audioData/VAD_Kaggle/Data/Annotation/Female/TMIT/SX174.TextGrid
../audioData/VAD_Kaggle/Data/Audio/Female/TMIT/SX178.wav,../audioData/VAD_Kaggle/Data/Annotation/Female/TMIT/SX178.TextGrid
../audioData/VAD_Kaggle/Data/Audio/Female/TMIT/SX181.wav,../audioData/VAD_Kaggle/Data/Annotation/Female/TMIT/SX181.TextGrid
../audioData/VAD_Kaggle/Data/Audio/Female/TMIT/SX207.wav,../audioData/VAD_Kaggle/Data/Annotation/Female/TMIT/SX207.TextGrid
../audioData/VAD_Kaggle/Data/Audio/Female/TMIT/SX210.wav,../audioData/VAD_Kaggle/Data/Annotation/Female/TMIT/SX210.TextGrid
../audioData/VAD_Kaggle/Data/Audio/Female/TMIT/SX211.wav,../audioData/VAD_Kaggle/Data/Annotation/Female/TMIT/SX211.TextGrid
../audioData/VAD_Kaggle/Data/Audio/Female/TMIT/SX212.wav,../audioData/VAD_Kaggle/Data/Annotation/Female/TMIT/SX212.TextGrid
../audioData/VAD_Kaggle/Data/Audio/Female/TMIT/SX213.wav,../audioData/VAD_Kaggle/Data/Annotation/Female/TMIT/SX213.TextGrid
../audioData/VAD_Kaggle/Data/Audio/Female/TMIT/SX215.wav,../audioData/VAD_Kaggle/Data/Annotation/Female/TMIT/SX215.TextGrid
../audioData/VAD_Kaggle/Data/Audio/Female/TMIT/SX217.wav,../audioData/VAD_Kaggle/Data/Annotation/Female/TMIT/SX217.TextGrid
../audioData/VAD_Kaggle/Data/Audio/Female/TMIT/SX219.wav,../audioData/VAD_Kaggle/Data/Annotation/Female/TMIT/SX219.TextGrid
../audioData/VAD_Kaggle/Data/Audio/Female/TMIT/SX220.wav,../audioData/VAD_Kaggle/Data/Annotation/Female/TMIT/SX220.TextGrid
../audioData/VAD_Kaggle/Data/Audio/Female/TMIT/SX221.wav,../audioData/VAD_Kaggle/Data/Annotation/Female/TMIT/SX221.TextGrid
../audioData/VAD_Kaggle/Data/Audio/Female/TMIT/SX222.wav,../audioData/VAD_Kaggle/Data/Annotation/Female/TMIT/SX222.TextGrid
../audioData/VAD_Kaggle/Data/Audio/Female/TMIT/SX237.wav,../audioData/VAD_Kaggle/Data/Annotation/Female/TMIT/SX237.TextGrid
../audioData/VAD_Kaggle/Data/Audio/Female/TMIT/SX240.wav,../audioData/VAD_Kaggle/Data/Annotation/Female/TMIT/SX240.TextGrid
../audioData/VAD_Kaggle/Data/Audio/Female/TMIT/SX243.wav,../audioData/VAD_Kaggle/Data/Annotation/Female/TMIT/SX243.TextGrid
../audioData/VAD_Kaggle/Data/Audio/Female/TMIT/SX248.wav,../audioData/VAD_Kaggle/Data/Annotation/Female/TMIT/SX248.TextGrid
../audioData/VAD_Kaggle/Data/Audio/Female/TMIT/SX249.wav,../audioData/VAD_Kaggle/Data/Annotation/Female/TMIT/SX249.TextGrid
../audioData/VAD_Kaggle/Data/Audio/Female/TMIT/SX251.wav,../audioData/VAD_Kaggle/Data/Annotation/Female/TMIT/SX251.TextGrid
../audioData/VAD_Kaggle/Data/Audio/Female/TMIT/SX252.wav,../audioData/VAD_Kaggle/Data/Annotation/Female/TMIT/SX252.TextGrid
../audioData/VAD_Kaggle/Data/Audio/Female/TMIT/SX253.wav,../audioData/VAD_Kaggle/Data/Annotation/Female/TMIT/SX253.TextGrid
../audioData/VAD_Kaggle/Data/Audio/Female/TMIT/SX260.wav,../audioData/VAD_Kaggle/Data/Annotation/Female/TMIT/SX260.TextGrid
../audioData/VAD_Kaggle/Data/Audio/Female/TMIT/SX264.wav,../audioData/VAD_Kaggle/Data/Annotation/Female/TMIT/SX264.TextGrid
../audioData/VAD_Kaggle/Data/Audio/Female/TMIT/SX268.wav,../audioData/VAD_Kaggle/Data/Annotation/Female/TMIT/SX268.TextGrid
../audioData/VAD_Kaggle/Data/Audio/Female/TMIT/SX271.wav,../audioData/VAD_Kaggle/Data/Annotation/Female/TMIT/SX271.TextGrid
../audioData/VAD_Kaggle/Data/Audio/Female/TMIT/SX277.wav,../audioData/VAD_Kaggle/Data/Annotation/Female/TMIT/SX277.TextGrid
../audioData/VAD_Kaggle/Data/Audio/Female/TMIT/SX297.wav,../audioData/VAD_Kaggle/Data/Annotation/Female/TMIT/SX297.TextGrid
../audioData/VAD_Kaggle/Data/Audio/Female/TMIT/SX3.wav,../audioData/VAD_Kaggle/Data/Annotation/Female/TMIT/SX3.TextGrid
../audioData/VAD_Kaggle/Data/Audio/Female/TMIT/SX30.wav,../audioData/VAD_Kaggle/Data/Annotation/Female/TMIT/SX30.TextGrid
../audioData/VAD_Kaggle/Data/Audio/Female/TMIT/SX300.wav,../audioData/VAD_Kaggle/Data/Annotation/Female/TMIT/SX300.TextGrid
../audioData/VAD_Kaggle/Data/Audio/Female/TMIT/SX301.wav,../audioData/VAD_Kaggle/Data/Annotation/Female/TMIT/SX301.TextGrid
../audioData/VAD_Kaggle/Data/Audio/Female/TMIT/SX302.wav,../audioData/VAD_Kaggle/Data/Annotation/Female/TMIT/SX302.TextGrid
../audioData/VAD_Kaggle/Data/Audio/Female/TMIT/SX303.wav,../audioData/VAD_Kaggle/Data/Annotation/Female/TMIT/SX303.TextGrid
../audioData/VAD_Kaggle/Data/Audio/Female/TMIT/SX305.wav,../audioData/VAD_Kaggle/Data/Annotation/Female/TMIT/SX305.TextGrid
../audioData/VAD_Kaggle/Data/Audio/Female/TMIT/SX307.wav,../audioData/VAD_Kaggle/Data/Annotation/Female/TMIT/SX307.TextGrid
../audioData/VAD_Kaggle/Data/Audio/Female/TMIT/SX308.wav,../audioData/VAD_Kaggle/Data/Annotation/Female/TMIT/SX308.TextGrid
../audioData/VAD_Kaggle/Data/Audio/Female/TMIT/SX309.wav,../audioData/VAD_Kaggle/Data/Annotation/Female/TMIT/SX309.TextGrid
../audioData/VAD_Kaggle/Data/Audio/Female/TMIT/SX31.wav,../audioData/VAD_Kaggle/Data/Annotation/Female/TMIT/SX31.TextGrid
../audioData/VAD_Kaggle/Data/Audio/Female/TMIT/SX310.wav,../audioData/VAD_Kaggle/Data/Annotation/Female/TMIT/SX310.TextGrid
../audioData/VAD_Kaggle/Data/Audio/Female/TMIT/SX311.wav,../audioData/VAD_Kaggle/Data/Annotation/Female/TMIT/SX311.TextGrid
../audioData/VAD_Kaggle/Data/Audio/Female/TMIT/SX312.wav,../audioData/VAD_Kaggle/Data/Annotation/Female/TMIT/SX312.TextGrid
../audioData/VAD_Kaggle/Data/Audio/Female/TMIT/SX32.wav,../audioData/VAD_Kaggle/Data/Annotation/Female/TMIT/SX32.TextGrid
../audioData/VAD_Kaggle/Data/Audio/Female/TMIT/SX321.wav,../audioData/VAD_Kaggle/Data/Annotation/Female/TMIT/SX321.TextGrid
../audioData/VAD_Kaggle/Data/Audio/Female/TMIT/SX33.wav,../audioData/VAD_Kaggle/Data/Annotation/Female/TMIT/SX33.TextGrid
../audioData/VAD_Kaggle/Data/Audio/Female/TMIT/SX330.wav,../audioData/VAD_Kaggle/Data/Annotation/Female/TMIT/SX330.TextGrid
../audioData/VAD_Kaggle/Data/Audio/Female/TMIT/SX333.wav,../audioData/VAD_Kaggle/Data/Annotation/Female/TMIT/SX333.TextGrid
../audioData/VAD_Kaggle/Data/Audio/Female/TMIT/SX338.wav,../audioData/VAD_Kaggle/Data/Annotation/Female/TMIT/SX338.TextGrid
../audioData/VAD_Kaggle/Data/Audio/Female/TMIT/SX339.wav,../audioData/VAD_Kaggle/Data/Annotation/Female/TMIT/SX339.TextGrid
../audioData/VAD_Kaggle/Data/Audio/Female/TMIT/SX341.wav,../audioData/VAD_Kaggle/Data/Annotation/Female/TMIT/SX341.TextGrid
../audioData/VAD_Kaggle/Data/Audio/Female/TMIT/SX342.wav,../audioData/VAD_Kaggle/Data/Annotation/Female/TMIT/SX342.TextGrid
../audioData/VAD_Kaggle/Data/Audio/Female/TMIT/SX343.wav,../audioData/VAD_Kaggle/Data/Annotation/Female/TMIT/SX343.TextGrid
../audioData/VAD_Kaggle/Data/Audio/Female/TMIT/SX35.wav,../audioData/VAD_Kaggle/Data/Annotation/Female/TMIT/SX35.TextGrid
../audioData/VAD_Kaggle/Data/Audio/Female/TMIT/SX350.wav,../audioData/VAD_Kaggle/Data/Annotation/Female/TMIT/SX350.TextGrid
../audioData/VAD_Kaggle/Data/Audio/Female/TMIT/SX354.wav,../audioData/VAD_Kaggle/Data/Annotation/Female/TMIT/SX354.TextGrid
../audioData/VAD_Kaggle/Data/Audio/Female/TMIT/SX358.wav,../audioData/VAD_Kaggle/Data/Annotation/Female/TMIT/SX358.TextGrid
../audioData/VAD_Kaggle/Data/Audio/Female/TMIT/SX361.wav,../audioData/VAD_Kaggle/Data/Annotation/Female/TMIT/SX361.TextGrid
../audioData/VAD_Kaggle/Data/Audio/Female/TMIT/SX366.wav,../audioData/VAD_Kaggle/Data/Annotation/Female/TMIT/SX366.TextGrid
../audioData/VAD_Kaggle/Data/Audio/Female/TMIT/SX37.wav,../audioData/VAD_Kaggle/Data/Annotation/Female/TMIT/SX37.TextGrid
../audioData/VAD_Kaggle/Data/Audio/Female/TMIT/SX38.wav,../audioData/VAD_Kaggle/Data/Annotation/Female/TMIT/SX38.TextGrid
../audioData/VAD_Kaggle/Data/Audio/Female/TMIT/SX387.wav,../audioData/VAD_Kaggle/Data/Annotation/Female/TMIT/SX387.TextGrid
../audioData/VAD_Kaggle/Data/Audio/Female/TMIT/SX39.wav,../audioData/VAD_Kaggle/Data/Annotation/Female/TMIT/SX39.TextGrid
../audioData/VAD_Kaggle/Data/Audio/Female/TMIT/SX390.wav,../audioData/VAD_Kaggle/Data/Annotation/Female/TMIT/SX390.TextGrid
../audioData/VAD_Kaggle/Data/Audio/Female/TMIT/SX391.wav,../audioData/VAD_Kaggle/Data/Annotation/Female/TMIT/SX391.TextGrid
../audioData/VAD_Kaggle/Data/Audio/Female/TMIT/SX392.wav,../audioData/VAD_Kaggle/Data/Annotation/Female/TMIT/SX392.TextGrid
../audioData/VAD_Kaggle/Data/Audio/Female/TMIT/SX393.wav,../audioData/VAD_Kaggle/Data/Annotation/Female/TMIT/SX393.TextGrid
../audioData/VAD_Kaggle/Data/Audio/Female/TMIT/SX395.wav,../audioData/VAD_Kaggle/Data/Annotation/Female/TMIT/SX395.TextGrid
../audioData/VAD_Kaggle/Data/Audio/Female/TMIT/SX397.wav,../audioData/VAD_Kaggle/Data/Annotation/Female/TMIT/SX397.TextGrid
../audioData/VAD_Kaggle/Data/Audio/Female/TMIT/SX398.wav,../audioData/VAD_Kaggle/Data/Annotation/Female/TMIT/SX398.TextGrid
../audioData/VAD_Kaggle/Data/Audio/Female/TMIT/SX399.wav,../audioData/VAD_Kaggle/Data/Annotation/Female/TMIT/SX399.TextGrid
../audioData/VAD_Kaggle/Data/Audio/Female/TMIT/SX40.wav,../audioData/VAD_Kaggle/Data/Annotation/Female/TMIT/SX40.TextGrid
../audioData/VAD_Kaggle/Data/Audio/Female/TMIT/SX400.wav,../audioData/VAD_Kaggle/Data/Annotation/Female/TMIT/SX400.TextGrid
../audioData/VAD_Kaggle/Data/Audio/Female/TMIT/SX401.wav,../audioData/VAD_Kaggle/Data/Annotation/Female/TMIT/SX401.TextGrid
../audioData/VAD_Kaggle/Data/Audio/Female/TMIT/SX402.wav,../audioData/VAD_Kaggle/Data/Annotation/Female/TMIT/SX402.TextGrid
../audioData/VAD_Kaggle/Data/Audio/Female/TMIT/SX41.wav,../audioData/VAD_Kaggle/Data/Annotation/Female/TMIT/SX41.TextGrid
../audioData/VAD_Kaggle/Data/Audio/Female/TMIT/SX417.wav,../audioData/VAD_Kaggle/Data/Annotation/Female/TMIT/SX417.TextGrid
../audioData/VAD_Kaggle/Data/Audio/Female/TMIT/SX42.wav,../audioData/VAD_Kaggle/Data/Annotation/Female/TMIT/SX42.TextGrid
../audioData/VAD_Kaggle/Data/Audio/Female/TMIT/SX423.wav,../audioData/VAD_Kaggle/Data/Annotation/Female/TMIT/SX423.TextGrid
../audioData/VAD_Kaggle/Data/Audio/Female/TMIT/SX428.wav,../audioData/VAD_Kaggle/Data/Annotation/Female/TMIT/SX428.TextGrid
../audioData/VAD_Kaggle/Data/Audio/Female/TMIT/SX429.wav,../audioData/VAD_Kaggle/Data/Annotation/Female/TMIT/SX429.TextGrid
../audioData/VAD_Kaggle/Data/Audio/Female/TMIT/SX431.wav,../audioData/VAD_Kaggle/Data/Annotation/Female/TMIT/SX431.TextGrid
../audioData/VAD_Kaggle/Data/Audio/Female/TMIT/SX432.wav,../audioData/VAD_Kaggle/Data/Annotation/Female/TMIT/SX432.TextGrid
../audioData/VAD_Kaggle/Data/Audio/Female/TMIT/SX433.wav,../audioData/VAD_Kaggle/Data/Annotation/Female/TMIT/SX433.TextGrid
../audioData/VAD_Kaggle/Data/Audio/Female/TMIT/SX440.wav,../audioData/VAD_Kaggle/Data/Annotation/Female/TMIT/SX440.TextGrid
../audioData/VAD_Kaggle/Data/Audio/Female/TMIT/SX444.wav,../audioData/VAD_Kaggle/Data/Annotation/Female/TMIT/SX444.TextGrid
../audioData/VAD_Kaggle/Data/Audio/Female/TMIT/SX448.wav,../audioData/VAD_Kaggle/Data/Annotation/Female/TMIT/SX448.TextGrid
../audioData/VAD_Kaggle/Data/Audio/Female/TMIT/SX451.wav,../audioData/VAD_Kaggle/Data/Annotation/Female/TMIT/SX451.TextGrid
../audioData/VAD_Kaggle/Data/Audio/Female/TMIT/SX57.wav,../audioData/VAD_Kaggle/Data/Annotation/Female/TMIT/SX57.TextGrid
../audioData/VAD_Kaggle/Data/Audio/Female/TMIT/SX60.wav,../audioData/VAD_Kaggle/Data/Annotation/Female/TMIT/SX60.TextGrid
../audioData/VAD_Kaggle/Data/Audio/Female/TMIT/SX63.wav,../audioData/VAD_Kaggle/Data/Annotation/Female/TMIT/SX63.TextGrid
../audioData/VAD_Kaggle/Data/Audio/Female/TMIT/SX68.wav,../audioData/VAD_Kaggle/Data/Annotation/Female/TMIT/SX68.TextGrid
../audioData/VAD_Kaggle/Data/Audio/Female/TMIT/SX69.wav,../audioData/VAD_Kaggle/Data/Annotation/Female/TMIT/SX69.TextGrid
../audioData/VAD_Kaggle/Data/Audio/Female/TMIT/SX71.wav,../audioData/VAD_Kaggle/Data/Annotation/Female/TMIT/SX71.TextGrid
../audioData/VAD_Kaggle/Data/Audio/Female/TMIT/SX72.wav,../audioData/VAD_Kaggle/Data/Annotation/Female/TMIT/SX72.TextGrid
../audioData/VAD_Kaggle/Data/Audio/Female/TMIT/SX73.wav,../audioData/VAD_Kaggle/Data/Annotation/Female/TMIT/SX73.TextGrid
../audioData/VAD_Kaggle/Data/Audio/Female/TMIT/SX80.wav,../audioData/VAD_Kaggle/Data/Annotation/Female/TMIT/SX80.TextGrid
../audioData/VAD_Kaggle/Data/Audio/Female/TMIT/SX84.wav,../audioData/VAD_Kaggle/Data/Annotation/Female/TMIT/SX84.TextGrid
../audioData/VAD_Kaggle/Data/Audio/Female/TMIT/SX88.wav,../audioData/VAD_Kaggle/Data/Annotation/Female/TMIT/SX88.TextGrid
../audioData/VAD_Kaggle/Data/Audio/Female/TMIT/SX91.wav,../audioData/VAD_Kaggle/Data/Annotation/Female/TMIT/SX91.TextGrid
../audioData/VAD_Kaggle/Data/Audio/Male/PTDB-TUG/mic_M01_sa1.wav,../audioData/VAD_Kaggle/Data/Annotation/Male/PTDB-TUG/mic_M01_sa1.TextGrid
../audioData/VAD_Kaggle/Data/Audio/Male/PTDB-TUG/mic_M01_si459.wav,../audioData/VAD_Kaggle/Data/Annotation/Male/PTDB-TUG/mic_M01_si459.TextGrid
../audioData/VAD_Kaggle/Data/Audio/Male/PTDB-TUG/mic_M01_si477.wav,../audioData/VAD_Kaggle/Data/Annotation/Male/PTDB-TUG/mic_M01_si477.TextGrid
../audioData/VAD_Kaggle/Data/Audio/Male/PTDB-TUG/mic_M01_si502.wav,../audioData/VAD_Kaggle/Data/Annotation/Male/PTDB-TUG/mic_M01_si502.TextGrid
../audioData/VAD_Kaggle/Data/Audio/Male/PTDB-TUG/mic_M01_si518.wav,../audioData/VAD_Kaggle/Data/Annotation/Male/PTDB-TUG/mic_M01_si518.TextGrid
../audioData/VAD_Kaggle/Data/Audio/Male/PTDB-TUG/mic_M01_si573.wav,../audioData/VAD_Kaggle/Data/Annotation/Male/PTDB-TUG/mic_M01_si573.TextGrid
../audioData/VAD_Kaggle/Data/Audio/Male/PTDB-TUG/mic_M01_si587.wav,../audioData/VAD_Kaggle/Data/Annotation/Male/PTDB-TUG/mic_M01_si587.TextGrid
../audioData/VAD_Kaggle/Data/Audio/Male/PTDB-TUG/mic_M01_si615.wav,../audioData/VAD_Kaggle/Data/Annotation/Male/PTDB-TUG/mic_M01_si615.TextGrid
../audioData/VAD_Kaggle/Data/Audio/Male/PTDB-TUG/mic_M01_si635.wav,../audioData/VAD_Kaggle/Data/Annotation/Male/PTDB-TUG/mic_M01_si635.TextGrid
../audioData/VAD_Kaggle/Data/Audio/Male/PTDB-TUG/mic_M01_sx43.wav,../audioData/VAD_Kaggle/Data/Annotation/Male/PTDB-TUG/mic_M01_sx43.TextGrid
../audioData/VAD_Kaggle/Data/Audio/Male/PTDB-TUG/mic_M01_sx5.wav,../audioData/VAD_Kaggle/Data/Annotation/Male/PTDB-TUG/mic_M01_sx5.TextGrid
../audioData/VAD_Kaggle/Data/Audio/Male/PTDB-TUG/mic_M01_sx8.wav,../audioData/VAD_Kaggle/Data/Annotation/Male/PTDB-TUG/mic_M01_sx8.TextGrid
../audioData/VAD_Kaggle/Data/Audio/Male/PTDB-TUG/mic_M02_si645.wav,../audioData/VAD_Kaggle/Data/Annotation/Male/PTDB-TUG/mic_M02_si645.TextGrid
../audioData/VAD_Kaggle/Data/Audio/Male/PTDB-TUG/mic_M02_si673.wav,../audioData/VAD_Kaggle/Data/Annotation/Male/PTDB-TUG/mic_M02_si673.TextGrid
../audioData/VAD_Kaggle/Data/Audio/Male/PTDB-TUG/mic_M02_si695.wav,../audioData/VAD_Kaggle/Data/Annotation/Male/PTDB-TUG/mic_M02_si695.TextGrid
../audioData/VAD_Kaggle/Data/Audio/Male/PTDB-TUG/mic_M02_si704.wav,../audioData/VAD_Kaggle/Data/Annotation/Male/PTDB-TUG/mic_M02_si704.TextGrid
../audioData/VAD_Kaggle/Data/Audio/Male/PTDB-TUG/mic_M02_si721.wav,../audioData/VAD_Kaggle/Data/Annotation/Male/PTDB-TUG/mic_M02_si721.TextGrid
../audioData/VAD_Kaggle/Data/Audio/Male/PTDB-TUG/mic_M02_si758.wav,../audioData/VAD_Kaggle/Data/Annotation/Male/PTDB-TUG/mic_M02_si758.TextGrid
../audioData/VAD_Kaggle/Data/Audio/Male/PTDB-TUG/mic_M02_si792.wav,../audioData/VAD_Kaggle/Data/Annotation/Male/PTDB-TUG/mic_M02_si792.TextGrid
../audioData/VAD_Kaggle/Data/Audio/Male/PTDB-TUG/mic_M02_si800.wav,../audioData/VAD_Kaggle/Data/Annotation/Male/PTDB-TUG/mic_M02_si800.TextGrid
../audioData/VAD_Kaggle/Data/Audio/Male/PTDB-TUG/mic_M02_si801.wav,../audioData/VAD_Kaggle/Data/Annotation/Male/PTDB-TUG/mic_M02_si801.TextGrid
../audioData/VAD_Kaggle/Data/Audio/Male/PTDB-TUG/mic_M02_si810.wav,../audioData/VAD_Kaggle/Data/Annotation/Male/PTDB-TUG/mic_M02_si810.TextGrid
../audioData/VAD_Kaggle/Data/Audio/Male/PTDB-TUG/mic_M02_si826.wav,../audioData/VAD_Kaggle/Data/Annotation/Male/PTDB-TUG/mic_M02_si826.TextGrid
../audioData/VAD_Kaggle/Data/Audio/Male/PTDB-TUG/mic_M02_sx78.wav,../audioData/VAD_Kaggle/Data/Annotation/Male/PTDB-TUG/mic_M02_sx78.TextGrid
../audioData/VAD_Kaggle/Data/Audio/Male/PTDB-TUG/mic_M03_si1011.wav,../audioData/VAD_Kaggle/Data/Annotation/Male/PTDB-TUG/mic_M03_si1011.TextGrid
../audioData/VAD_Kaggle/Data/Audio/Male/PTDB-TUG/mic_M03_si1016.wav,../audioData/VAD_Kaggle/Data/Annotation/Male/PTDB-TUG/mic_M03_si1016.TextGrid
../audioData/VAD_Kaggle/Data/Audio/Male/PTDB-TUG/mic_M03_si836.wav,../audioData/VAD_Kaggle/Data/Annotation/Male/PTDB-TUG/mic_M03_si836.TextGrid
../audioData/VAD_Kaggle/Data/Audio/Male/PTDB-TUG/mic_M03_si844.wav,../audioData/VAD_Kaggle/Data/Annotation/Male/PTDB-TUG/mic_M03_si844.TextGrid
../audioData/VAD_Kaggle/Data/Audio/Male/PTDB-TUG/mic_M03_si876.wav,../audioData/VAD_Kaggle/Data/Annotation/Male/PTDB-TUG/mic_M03_si876.TextGrid
../audioData/VAD_Kaggle/Data/Audio/Male/PTDB-TUG/mic_M03_si907.wav,../audioData/VAD_Kaggle/Data/Annotation/Male/PTDB-TUG/mic_M03_si907.TextGrid
../audioData/VAD_Kaggle/Data/Audio/Male/PTDB-TUG/mic_M03_si918.wav,../audioData/VAD_Kaggle/Data/Annotation/Male/PTDB-TUG/mic_M03_si918.TextGrid
../audioData/VAD_Kaggle/Data/Audio/Male/PTDB-TUG/mic_M03_si938.wav,../audioData/VAD_Kaggle/Data/Annotation/Male/PTDB-TUG/mic_M03_si938.TextGrid
../audioData/VAD_Kaggle/Data/Audio/Male/PTDB-TUG/mic_M03_si944.wav,../audioData/VAD_Kaggle/Data/Annotation/Male/PTDB-TUG/mic_M03_si944.TextGrid
../audioData/VAD_Kaggle/Data/Audio/Male/PTDB-TUG/mic_M03_si993.wav,../audioData/VAD_Kaggle/Data/Annotation/Male/PTDB-TUG/mic_M03_si993.TextGrid
../audioData/VAD_Kaggle/Data/Audio/Male/PTDB-TUG/mic_M03_sx121.wav,../audioData/VAD_Kaggle/Data/Annotation/Male/PTDB-TUG/mic_M03_sx121.TextGrid
../audioData/VAD_Kaggle/Data/Audio/Male/PTDB-TUG/mic_M03_sx135.wav,../audioData/VAD_Kaggle/Data/Annotation/Male/PTDB-TUG/mic_M03_sx135.TextGrid
../audioData/VAD_Kaggle/Data/Audio/Male/PTDB-TUG/mic_M04_si1022.wav,../audioData/VAD_Kaggle/Data/Annotation/Male/PTDB-TUG/mic_M04_si1022.TextGrid
../audioData/VAD_Kaggle/Data/Audio/Male/PTDB-TUG/mic_M04_si1041.wav,../audioData/VAD_Kaggle/Data/Annotation/Male/PTDB-TUG/mic_M04_si1041.TextGrid
../audioData/VAD_Kaggle/Data/Audio/Male/PTDB-TUG/mic_M04_si1066.wav,../audioData/VAD_Kaggle/Data/Annotation/Male/PTDB-TUG/mic_M04_si1066.TextGrid
../audioData/VAD_Kaggle/Data/Audio/Male/PTDB-TUG/mic_M04_si1067.wav,../audioData/VAD_Kaggle/Data/Annotation/Male/PTDB-TUG/mic_M04_si1067.TextGrid
../audioData/VAD_Kaggle/Data/Audio/Male/PTDB-TUG/mic_M04_si1104.wav,../audioData/VAD_Kaggle/Data/Annotation/Male/PTDB-TUG/mic_M04_si1104.TextGrid
../audioData/VAD_Kaggle/Data/Audio/Male/PTDB-TUG/mic_M04_si1114.wav,../audioData/VAD_Kaggle/Data/Annotation/Male/PTDB-TUG/mic_M04_si1114.TextGrid
../audioData/VAD_Kaggle/Data/Audio/Male/PTDB-TUG/mic_M04_si1136.wav,../audioData/VAD_Kaggle/Data/Annotation/Male/PTDB-TUG/mic_M04_si1136.TextGrid
../audioData/VAD_Kaggle/Data/Audio/Male/PTDB-TUG/mic_M04_si1151.wav,../audioData/VAD_Kaggle/Data/Annotation/Male/PTDB-TUG/mic_M04_si1151.TextGrid
../audioData/VAD_Kaggle/Data/Audio/Male/PTDB-TUG/mic_M04_si1180.wav,../audioData/VAD_Kaggle/Data/Annotation/Male/PTDB-TUG/mic_M04_si1180.TextGrid
../audioData/VAD_Kaggle/Data/Audio/Male/PTDB-TUG/mic_M04_si1189.wav,../audioData/VAD_Kaggle/Data/Annotation/Male/PTDB-TUG/mic_M04_si1189.TextGrid
../audioData/VAD_Kaggle/Data/Audio/Male/PTDB-TUG/mic_M04_si1207.wav,../audioData/VAD_Kaggle/Data/Annotation/Male/PTDB-TUG/mic_M04_si1207.TextGrid
../audioData/VAD_Kaggle/Data/Audio/Male/PTDB-TUG/mic_M04_sx170.wav,../audioData/VAD_Kaggle/Data/Annotation/Male/PTDB-TUG/mic_M04_sx170.TextGrid
../audioData/VAD_Kaggle/Data/Audio/Male/PTDB-TUG/mic_M05_si1216.wav,../audioData/VAD_Kaggle/Data/Annotation/Male/PTDB-TUG/mic_M05_si1216.TextGrid
../audioData/VAD_Kaggle/Data/Audio/Male/PTDB-TUG/mic_M05_si1232.wav,../audioData/VAD_Kaggle/Data/Annotation/Male/PTDB-TUG/mic_M05_si1232.TextGrid
../audioData/VAD_Kaggle/Data/Audio/Male/PTDB-TUG/mic_M05_si1240.wav,../audioData/VAD_Kaggle/Data/Annotation/Male/PTDB-TUG/mic_M05_si1240.TextGrid
../audioData/VAD_Kaggle/Data/Audio/Male/PTDB-TUG/mic_M05_si1257.wav,../audioData/VAD_Kaggle/Data/Annotation/Male/PTDB-TUG/mic_M05_si1257.TextGrid
../audioData/VAD_Kaggle/Data/Audio/Male/PTDB-TUG/mic_M05_si1274.wav,../audioData/VAD_Kaggle/Data/Annotation/Male/PTDB-TUG/mic_M05_si1274.TextGrid
../audioData/VAD_Kaggle/Data/Audio/Male/PTDB-TUG/mic_M05_si1295.wav,../audioData/VAD_Kaggle/Data/Annotation/Male/PTDB-TUG/mic_M05_si1295.TextGrid
../audioData/VAD_Kaggle/Data/Audio/Male/PTDB-TUG/mic_M05_si1302.wav,../audioData/VAD_Kaggle/Data/Annotation/Male/PTDB-TUG/mic_M05_si1302.TextGrid
../audioData/VAD_Kaggle/Data/Audio/Male/PTDB-TUG/mic_M05_si1348.wav,../audioData/VAD_Kaggle/Data/Annotation/Male/PTDB-TUG/mic_M05_si1348.TextGrid
../audioData/VAD_Kaggle/Data/Audio/Male/PTDB-TUG/mic_M05_si1370.wav,../audioData/VAD_Kaggle/Data/Annotation/Male/PTDB-TUG/mic_M05_si1370.TextGrid
../audioData/VAD_Kaggle/Data/Audio/Male/PTDB-TUG/mic_M05_si1392.wav,../audioData/VAD_Kaggle/Data/Annotation/Male/PTDB-TUG/mic_M05_si1392.TextGrid
../audioData/VAD_Kaggle/Data/Audio/Male/PTDB-TUG/mic_M05_sx185.wav,../audioData/VAD_Kaggle/Data/Annotation/Male/PTDB-TUG/mic_M05_sx185.TextGrid
../audioData/VAD_Kaggle/Data/Audio/Male/PTDB-TUG/mic_M05_sx224.wav,../audioData/VAD_Kaggle/Data/Annotation/Male/PTDB-TUG/mic_M05_sx224.TextGrid
../audioData/VAD_Kaggle/Data/Audio/Male/PTDB-TUG/mic_M06_si1415.wav,../audioData/VAD_Kaggle/Data/Annotation/Male/PTDB-TUG/mic_M06_si1415.TextGrid
../audioData/VAD_Kaggle/Data/Audio/Male/PTDB-TUG/mic_M06_si1439.wav,../audioData/VAD_Kaggle/Data/Annotation/Male/PTDB-TUG/mic_M06_si1439.TextGrid
../audioData/VAD_Kaggle/Data/Audio/Male/PTDB-TUG/mic_M06_si1452.wav,../audioData/VAD_Kaggle/Data/Annotation/Male/PTDB-TUG/mic_M06_si1452.TextGrid
../audioData/VAD_Kaggle/Data/Audio/Male/PTDB-TUG/mic_M06_si1475.wav,../audioData/VAD_Kaggle/Data/Annotation/Male/PTDB-TUG/mic_M06_si1475.TextGrid
../audioData/VAD_Kaggle/Data/Audio/Male/PTDB-TUG/mic_M06_si1481.wav,../audioData/VAD_Kaggle/Data/Annotation/Male/PTDB-TUG/mic_M06_si1481.TextGrid
../audioData/VAD_Kaggle/Data/Audio/Male/PTDB-TUG/mic_M06_si1525.wav,../audioData/VAD_Kaggle/Data/Annotation/Male/PTDB-TUG/mic_M06_si1525.TextGrid
../audioData/VAD_Kaggle/Data/Audio/Male/PTDB-TUG/mic_M06_si1532.wav,../audioData/VAD_Kaggle/Data/Annotation/Male/PTDB-TUG/mic_M06_si1532.TextGrid
../audioData/VAD_Kaggle/Data/Audio/Male/PTDB-TUG/mic_M06_si1566.wav,../audioData/VAD_Kaggle/Data/Annotation/Male/PTDB-TUG/mic_M06_si1566.TextGrid
../audioData/VAD_Kaggle/Data/Audio/Male/PTDB-TUG/mic_M06_si1578.wav,../audioData/VAD_Kaggle/Data/Annotation/Male/PTDB-TUG/mic_M06_si1578.TextGrid
../audioData/VAD_Kaggle/Data/Audio/Male/PTDB-TUG/mic_M06_sx229.wav,../audioData/VAD_Kaggle/Data/Annotation/Male/PTDB-TUG/mic_M06_sx229.TextGrid
../audioData/VAD_Kaggle/Data/Audio/Male/PTDB-TUG/mic_M06_sx268.wav,../audioData/VAD_Kaggle/Data/Annotation/Male/PTDB-TUG/mic_M06_sx268.TextGrid
../audioData/VAD_Kaggle/Data/Audio/Male/PTDB-TUG/mic_M06_sx271.wav,../audioData/VAD_Kaggle/Data/Annotation/Male/PTDB-TUG/mic_M06_sx271.TextGrid
../audioData/VAD_Kaggle/Data/Audio/Male/PTDB-TUG/mic_M07_si1597.wav,../audioData/VAD_Kaggle/Data/Annotation/Male/PTDB-TUG/mic_M07_si1597.TextGrid
../audioData/VAD_Kaggle/Data/Audio/Male/PTDB-TUG/mic_M07_si1612.wav,../audioData/VAD_Kaggle/Data/Annotation/Male/PTDB-TUG/mic_M07_si1612.TextGrid
../audioData/VAD_Kaggle/Data/Audio/Male/PTDB-TUG/mic_M07_si1635.wav,../audioData/VAD_Kaggle/Data/Annotation/Male/PTDB-TUG/mic_M07_si1635.TextGrid
../audioData/VAD_Kaggle/Data/Audio/Male/PTDB-TUG/mic_M07_si1675.wav,../audioData/VAD_Kaggle/Data/Annotation/Male/PTDB-TUG/mic_M07_si1675.TextGrid
../audioData/VAD_Kaggle/Data/Audio/Male/PTDB-TUG/mic_M07_si1683.wav,../audioData/VAD_Kaggle/Data/Annotation/Male/PTDB-TUG/mic_M07_si1683.TextGrid
../audioData/VAD_Kaggle/Data/Audio/Male/PTDB-TUG/mic_M07_si1702.wav,../audioData/VAD_Kaggle/Data/Annotation/Male/PTDB-TUG/mic_M07_si1702.TextGrid
../audioData/VAD_Kaggle/Data/Audio/Male/PTDB-TUG/mic_M07_si1703.wav,../audioData/VAD_Kaggle/Data/Annotation/Male/PTDB-TUG/mic_M07_si1703.TextGrid
../audioData/VAD_Kaggle/Data/Audio/Male/PTDB-TUG/mic_M07_si1757.wav,../audioData/VAD_Kaggle/Data/Annotation/Male/PTDB-TUG/mic_M07_si1757.TextGrid
../audioData/VAD_Kaggle/Data/Audio/Male/PTDB-TUG/mic_M07_si1764.wav,../audioData/VAD_Kaggle/Data/Annotation/Male/PTDB-TUG/mic_M07_si1764.TextGrid
../audioData/VAD_Kaggle/Data/Audio/Male/PTDB-TUG/mic_M07_si1774.wav,../audioData/VAD_Kaggle/Data/Annotation/Male/PTDB-TUG/mic_M07_si1774.TextGrid
../audioData/VAD_Kaggle/Data/Audio/Male/PTDB-TUG/mic_M07_sx299.wav,../audioData/VAD_Kaggle/Data/Annotation/Male/PTDB-TUG/mic_M07_sx299.TextGrid
../audioData/VAD_Kaggle/Data/Audio/Male/PTDB-TUG/mic_M07_sx311.wav,../audioData/VAD_Kaggle/Data/Annotation/Male/PTDB-TUG/mic_M07_sx311.TextGrid
../audioData/VAD_Kaggle/Data/Audio/Male/PTDB-TUG/mic_M08_si1786.wav,../audioData/VAD_Kaggle/Data/Annotation/Male/PTDB-TUG/mic_M08_si1786.TextGrid
../audioData/VAD_Kaggle/Data/Audio/Male/PTDB-TUG/mic_M08_si1804.wav,../audioData/VAD_Kaggle/Data/Annotation/Male/PTDB-TUG/mic_M08_si1804.TextGrid
../audioData/VAD_Kaggle/Data/Audio/Male/PTDB-TUG/mic_M08_si1827.wav,../audioData/VAD_Kaggle/Data/Annotation/Male/PTDB-TUG/mic_M08_si1827.TextGrid
../audioData/VAD_Kaggle/Data/Audio/Male/PTDB-TUG/mic_M08_si1854.wav,../audioData/VAD_Kaggle/Data/Annotation/Male/PTDB-TUG/mic_M08_si1854.TextGrid
../audioData/VAD_Kaggle/Data/Audio/Male/PTDB-TUG/mic_M08_si1876.wav,../audioData/VAD_Kaggle/Data/Annotation/Male/PTDB-TUG/mic_M08_si1876.TextGrid
../audioData/VAD_Kaggle/Data/Audio/Male/PTDB-TUG/mic_M08_si1905.wav,../audioData/VAD_Kaggle/Data/Annotation/Male/PTDB-TUG/mic_M08_si1905.TextGrid
../audioData/VAD_Kaggle/Data/Audio/Male/PTDB-TUG/mic_M08_si1927.wav,../audioData/VAD_Kaggle/Data/Annotation/Male/PTDB-TUG/mic_M08_si1927.TextGrid
../audioData/VAD_Kaggle/Data/Audio/Male/PTDB-TUG/mic_M08_si1933.wav,../audioData/VAD_Kaggle/Data/Annotation/Male/PTDB-TUG/mic_M08_si1933.TextGrid
../audioData/VAD_Kaggle/Data/Audio/Male/PTDB-TUG/mic_M08_si1949.wav,../audioData/VAD_Kaggle/Data/Annotation/Male/PTDB-TUG/mic_M08_si1949.TextGrid
../audioData/VAD_Kaggle/Data/Audio/Male/PTDB-TUG/mic_M08_sx319.wav,../audioData/VAD_Kaggle/Data/Annotation/Male/PTDB-TUG/mic_M08_sx319.TextGrid
../audioData/VAD_Kaggle/Data/Audio/Male/PTDB-TUG/mic_M08_sx346.wav,../audioData/VAD_Kaggle/Data/Annotation/Male/PTDB-TUG/mic_M08_sx346.TextGrid
../audioData/VAD_Kaggle/Data/Audio/Male/PTDB-TUG/mic_M08_sx353.wav,../audioData/VAD_Kaggle/Data/Annotation/Male/PTDB-TUG/mic_M08_sx353.TextGrid
../audioData/VAD_Kaggle/Data/Audio/Male/PTDB-TUG/mic_M09_si1970.wav,../audioData/VAD_Kaggle/Data/Annotation/Male/PTDB-TUG/mic_M09_si1970.TextGrid
../audioData/VAD_Kaggle/Data/Audio/Male/PTDB-TUG/mic_M09_si1974.wav,../audioData/VAD_Kaggle/Data/Annotation/Male/PTDB-TUG/mic_M09_si1974.TextGrid
../audioData/VAD_Kaggle/Data/Audio/Male/PTDB-TUG/mic_M09_si1989.wav,../audioData/VAD_Kaggle/Data/Annotation/Male/PTDB-TUG/mic_M09_si1989.TextGrid
../audioData/VAD_Kaggle/Data/Audio/Male/PTDB-TUG/mic_M09_si1998.wav,../audioData/VAD_Kaggle/Data/Annotation/Male/PTDB-TUG/mic_M09_si1998.TextGrid
../audioData/VAD_Kaggle/Data/Audio/Male/PTDB-TUG/mic_M09_si2015.wav,../audioData/VAD_Kaggle/Data/Annotation/Male/PTDB-TUG/mic_M09_si2015.TextGrid
../audioData/VAD_Kaggle/Data/Audio/Male/PTDB-TUG/mic_M09_si2022.wav,../audioData/VAD_Kaggle/Data/Annotation/Male/PTDB-TUG/mic_M09_si2022.TextGrid
../audioData/VAD_Kaggle/Data/Audio/Male/PTDB-TUG/mic_M09_si2046.wav,../audioData/VAD_Kaggle/Data/Annotation/Male/PTDB-TUG/mic_M09_si2046.TextGrid
../audioData/VAD_Kaggle/Data/Audio/Male/PTDB-TUG/mic_M09_si2064.wav,../audioData/VAD_Kaggle/Data/Annotation/Male/PTDB-TUG/mic_M09_si2064.TextGrid
../audioData/VAD_Kaggle/Data/Audio/Male/PTDB-TUG/mic_M09_si2091.wav,../audioData/VAD_Kaggle/Data/Annotation/Male/PTDB-TUG/mic_M09_si2091.TextGrid
../audioData/VAD_Kaggle/Data/Audio/Male/PTDB-TUG/mic_M09_si2146.wav,../audioData/VAD_Kaggle/Data/Annotation/Male/PTDB-TUG/mic_M09_si2146.TextGrid
../audioData/VAD_Kaggle/Data/Audio/Male/PTDB-TUG/mic_M09_sx376.wav,../audioData/VAD_Kaggle/Data/Annotation/Male/PTDB-TUG/mic_M09_sx376.TextGrid
../audioData/VAD_Kaggle/Data/Audio/Male/PTDB-TUG/mic_M09_sx407.wav,../audioData/VAD_Kaggle/Data/Annotation/Male/PTDB-TUG/mic_M09_sx407.TextGrid
../audioData/VAD_Kaggle/Data/Audio/Male/PTDB-TUG/mic_M10_si2169.wav,../audioData/VAD_Kaggle/Data/Annotation/Male/PTDB-TUG/mic_M10_si2169.TextGrid
../audioData/VAD_Kaggle/Data/Audio/Male/PTDB-TUG/mic_M10_si2186.wav,../audioData/VAD_Kaggle/Data/Annotation/Male/PTDB-TUG/mic_M10_si2186.TextGrid
../audioData/VAD_Kaggle/Data/Audio/Male/PTDB-TUG/mic_M10_si2192.wav,../audioData/VAD_Kaggle/Data/Annotation/Male/PTDB-TUG/mic_M10_si2192.TextGrid
../audioData/VAD_Kaggle/Data/Audio/Male/PTDB-TUG/mic_M10_si2201.wav,../audioData/VAD_Kaggle/Data/Annotation/Male/PTDB-TUG/mic_M10_si2201.TextGrid
../audioData/VAD_Kaggle/Data/Audio/Male/PTDB-TUG/mic_M10_si2219.wav,../audioData/VAD_Kaggle/Data/Annotation/Male/PTDB-TUG/mic_M10_si2219.TextGrid
../audioData/VAD_Kaggle/Data/Audio/Male/PTDB-TUG/mic_M10_si2251.wav,../audioData/VAD_Kaggle/Data/Annotation/Male/PTDB-TUG/mic_M10_si2251.TextGrid
../audioData/VAD_Kaggle/Data/Audio/Male/PTDB-TUG/mic_M10_si2269.wav,../audioData/VAD_Kaggle/Data/Annotation/Male/PTDB-TUG/mic_M10_si2269.TextGrid
../audioData/VAD_Kaggle/Data/Audio/Male/PTDB-TUG/mic_M10_si2296.wav,../audioData/VAD_Kaggle/Data/Annotation/Male/PTDB-TUG/mic_M10_si2296.TextGrid
../audioData/VAD_Kaggle/Data/Audio/Male/PTDB-TUG/mic_M10_si2313.wav,../audioData/VAD_Kaggle/Data/Annotation/Male/PTDB-TUG/mic_M10_si2313.TextGrid
../audioData/VAD_Kaggle/Data/Audio/Male/PTDB-TUG/mic_M10_si2339.wav,../audioData/VAD_Kaggle/Data/Annotation/Male/PTDB-TUG/mic_M10_si2339.TextGrid
../audioData/VAD_Kaggle/Data/Audio/Male/PTDB-TUG/mic_M10_sx423.wav,../audioData/VAD_Kaggle/Data/Annotation/Male/PTDB-TUG/mic_M10_sx423.TextGrid
../audioData/VAD_Kaggle/Data/Audio/Male/PTDB-TUG/mic_M10_sx442.wav,../audioData/VAD_Kaggle/Data/Annotation/Male/PTDB-TUG/mic_M10_sx442.TextGrid
../audioData/VAD_Kaggle/Data/Audio/Male/TMIT/SI1060.wav,../audioData/VAD_Kaggle/Data/Annotation/Male/TMIT/SI1060.TextGrid
../audioData/VAD_Kaggle/Data/Audio/Male/TMIT/SI1125.wav,../audioData/VAD_Kaggle/Data/Annotation/Male/TMIT/SI1125.TextGrid
../audioData/VAD_Kaggle/Data/Audio/Male/TMIT/SI1162.wav,../audioData/VAD_Kaggle/Data/Annotation/Male/TMIT/SI1162.TextGrid
../audioData/VAD_Kaggle/Data/Audio/Male/TMIT/SI1192.wav,../audioData/VAD_Kaggle/Data/Annotation/Male/TMIT/SI1192.TextGrid
../audioData/VAD_Kaggle/Data/Audio/Male/TMIT/SI1256.wav,../audioData/VAD_Kaggle/Data/Annotation/Male/TMIT/SI1256.TextGrid
../audioData/VAD_Kaggle/Data/Audio/Male/TMIT/SI1335.wav,../audioData/VAD_Kaggle/Data/Annotation/Male/TMIT/SI1335.TextGrid
../audioData/VAD_Kaggle/Data/Audio/Male/TMIT/SI1411.wav,../audioData/VAD_Kaggle/Data/Annotation/Male/TMIT/SI1411.TextGrid
../audioData/VAD_Kaggle/Data/Audio/Male/TMIT/SI1446.wav,../audioData/VAD_Kaggle/Data/Annotation/Male/TMIT/SI1446.TextGrid
../audioData/VAD_Kaggle/Data/Audio/Male/TMIT/SI1491.wav,../audioData/VAD_Kaggle/Data/Annotation/Male/TMIT/SI1491.TextGrid
../audioData/VAD_Kaggle/Data/Audio/Male/TMIT/SI1690.wav,../audioData/VAD_Kaggle/Data/Annotation/Male/TMIT/SI1690.TextGrid
../audioData/VAD_Kaggle/Data/Audio/Male/TMIT/SI1755.wav,../audioData/VAD_Kaggle/Data/Annotation/Male/TMIT/SI1755.TextGrid
../audioData/VAD_Kaggle/Data/Audio/Male/TMIT/SI1792.wav,../audioData/VAD_Kaggle/Data/Annotation/Male/TMIT/SI1792.TextGrid
../audioData/VAD_Kaggle/Data/Audio/Male/TMIT/SI1822.wav,../audioData/VAD_Kaggle/Data/Annotation/Male/TMIT/SI1822.TextGrid
../audioData/VAD_Kaggle/Data/Audio/Male/TMIT/SI1840.wav,../audioData/VAD_Kaggle/Data/Annotation/Male/TMIT/SI1840.TextGrid
../audioData/VAD_Kaggle/Data/Audio/Male/TMIT/SI1965.wav,../audioData/VAD_Kaggle/Data/Annotation/Male/TMIT/SI1965.TextGrid
../audioData/VAD_Kaggle/Data/Audio/Male/TMIT/SI2076.wav,../audioData/VAD_Kaggle/Data/Annotation/Male/TMIT/SI2076.TextGrid
../audioData/VAD_Kaggle/Data/Audio/Male/TMIT/SI2121.wav,../audioData/VAD_Kaggle/Data/Annotation/Male/TMIT/SI2121.TextGrid
../audioData/VAD_Kaggle/Data/Audio/Male/TMIT/SI2250.wav,../audioData/VAD_Kaggle/Data/Annotation/Male/TMIT/SI2250.TextGrid
../audioData/VAD_Kaggle/Data/Audio/Male/TMIT/SI2320.wav,../audioData/VAD_Kaggle/Data/Annotation/Male/TMIT/SI2320.TextGrid
../audioData/VAD_Kaggle/Data/Audio/Male/TMIT/SI532.wav,../audioData/VAD_Kaggle/Data/Annotation/Male/TMIT/SI532.TextGrid
../audioData/VAD_Kaggle/Data/Audio/Male/TMIT/SI562.wav,../audioData/VAD_Kaggle/Data/Annotation/Male/TMIT/SI562.TextGrid
../audioData/VAD_Kaggle/Data/Audio/Male/TMIT/SI816.wav,../audioData/VAD_Kaggle/Data/Annotation/Male/TMIT/SI816.TextGrid
../audioData/VAD_Kaggle/Data/Audio/Male/TMIT/SI861.wav,../audioData/VAD_Kaggle/Data/Annotation/Male/TMIT/SI861.TextGrid
../audioData/VAD_Kaggle/Data/Audio/Male/TMIT/SI990.wav,../audioData/VAD_Kaggle/Data/Annotation/Male/TMIT/SI990.TextGrid
../audioData/VAD_Kaggle/Data/Audio/Male/TMIT/SX112.wav,../audioData/VAD_Kaggle/Data/Annotation/Male/TMIT/SX112.TextGrid
../audioData/VAD_Kaggle/Data/Audio/Male/TMIT/SX135.wav,../audioData/VAD_Kaggle/Data/Annotation/Male/TMIT/SX135.TextGrid
../audioData/VAD_Kaggle/Data/Audio/Male/TMIT/SX141.wav,../audioData/VAD_Kaggle/Data/Annotation/Male/TMIT/SX141.TextGrid
../audioData/VAD_Kaggle/Data/Audio/Male/TMIT/SX160.wav,../audioData/VAD_Kaggle/Data/Annotation/Male/TMIT/SX160.TextGrid
../audioData/VAD_Kaggle/Data/Audio/Male/TMIT/SX165.wav,../audioData/VAD_Kaggle/Data/Annotation/Male/TMIT/SX165.TextGrid
../audioData/VAD_Kaggle/Data/Audio/Male/TMIT/SX172.wav,../audioData/VAD_Kaggle/Data/Annotation/Male/TMIT/SX172.TextGrid
../audioData/VAD_Kaggle/Data/Audio/Male/TMIT/SX180.wav,../audioData/VAD_Kaggle/Data/Annotation/Male/TMIT/SX180.TextGrid
../audioData/VAD_Kaggle/Data/Audio/Male/TMIT/SX186.wav,../audioData/VAD_Kaggle/Data/Annotation/Male/TMIT/SX186.TextGrid
../audioData/VAD_Kaggle/Data/Audio/Male/TMIT/SX202.wav,../audioData/VAD_Kaggle/Data/Annotation/Male/TMIT/SX202.TextGrid
../audioData/VAD_Kaggle/Data/Audio/Male/TMIT/SX22.wav,../audioData/VAD_Kaggle/Data/Annotation/Male/TMIT/SX22.TextGrid
../audioData/VAD_Kaggle/Data/Audio/Male/TMIT/SX225.wav,../audioData/VAD_Kaggle/Data/Annotation/Male/TMIT/SX225.TextGrid
../audioData/VAD_Kaggle/Data/Audio/Male/TMIT/SX231.wav,../audioData/VAD_Kaggle/Data/Annotation/Male/TMIT/SX231.TextGrid
../audioData/VAD_Kaggle/Data/Audio/Male/TMIT/SX250.wav,../audioData/VAD_Kaggle/Data/Annotation/Male/TMIT/SX250.TextGrid
../audioData/VAD_Kaggle/Data/Audio/Male/TMIT/SX255.wav,../audioData/VAD_Kaggle/Data/Annotation/Male/TMIT/SX255.TextGrid
../audioData/VAD_Kaggle/Data/Audio/Male/TMIT/SX262.wav,../audioData/VAD_Kaggle/Data/Annotation/Male/TMIT/SX262.TextGrid
../audioData/VAD_Kaggle/Data/Audio/Male/TMIT/SX270.wav,../audioData/VAD_Kaggle/Data/Annotation/Male/TMIT/SX270.TextGrid
../audioData/VAD_Kaggle/Data/Audio/Male/TMIT/SX276.wav,../audioData/VAD_Kaggle/Data/Annotation/Male/TMIT/SX276.TextGrid
../audioData/VAD_Kaggle/Data/Audio/Male/TMIT/SX292.wav,../audioData/VAD_Kaggle/Data/Annotation/Male/TMIT/SX292.TextGrid
../audioData/VAD_Kaggle/Data/Audio/Male/TMIT/SX31.wav,../audioData/VAD_Kaggle/Data/Annotation/Male/TMIT/SX31.TextGrid
../audioData/VAD_Kaggle/Data/Audio/Male/TMIT/SX315.wav,../audioData/VAD_Kaggle/Data/Annotation/Male/TMIT/SX315.TextGrid
../audioData/VAD_Kaggle/Data/Audio/Male/TMIT/SX340.wav,../audioData/VAD_Kaggle/Data/Annotation/Male/TMIT/SX340.TextGrid
../audioData/VAD_Kaggle/Data/Audio/Male/TMIT/SX345.wav,../audioData/VAD_Kaggle/Data/Annotation/Male/TMIT/SX345.TextGrid
../audioData/VAD_Kaggle/Data/Audio/Male/TMIT/SX360.wav,../audioData/VAD_Kaggle/Data/Annotation/Male/TMIT/SX360.TextGrid
../audioData/VAD_Kaggle/Data/Audio/Male/TMIT/SX366.wav,../audioData/VAD_Kaggle/Data/Annotation/Male/TMIT/SX366.TextGrid
../audioData/VAD_Kaggle/Data/Audio/Male/TMIT/SX382.wav,../audioData/VAD_Kaggle/Data/Annotation/Male/TMIT/SX382.TextGrid
../audioData/VAD_Kaggle/Data/Audio/Male/TMIT/SX405.wav,../audioData/VAD_Kaggle/Data/Annotation/Male/TMIT/SX405.TextGrid
../audioData/VAD_Kaggle/Data/Audio/Male/TMIT/SX411.wav,../audioData/VAD_Kaggle/Data/Annotation/Male/TMIT/SX411.TextGrid
../audioData/VAD_Kaggle/Data/Audio/Male/TMIT/SX416.wav,../audioData/VAD_Kaggle/Data/Annotation/Male/TMIT/SX416.TextGrid
../audioData/VAD_Kaggle/Data/Audio/Male/TMIT/SX430.wav,../audioData/VAD_Kaggle/Data/Annotation/Male/TMIT/SX430.TextGrid
../audioData/VAD_Kaggle/Data/Audio/Male/TMIT/SX435.wav,../audioData/VAD_Kaggle/Data/Annotation/Male/TMIT/SX435.TextGrid
../audioData/VAD_Kaggle/Data/Audio/Male/TMIT/SX442.wav,../audioData/VAD_Kaggle/Data/Annotation/Male/TMIT/SX442.TextGrid
../audioData/VAD_Kaggle/Data/Audio/Male/TMIT/SX45.wav,../audioData/VAD_Kaggle/Data/Annotation/Male/TMIT/SX45.TextGrid
../audioData/VAD_Kaggle/Data/Audio/Male/TMIT/SX450.wav,../audioData/VAD_Kaggle/Data/Annotation/Male/TMIT/SX450.TextGrid
../audioData/VAD_Kaggle/Data/Audio/Male/TMIT/SX51.wav,../audioData/VAD_Kaggle/Data/Annotation/Male/TMIT/SX51.TextGrid
../audioData/VAD_Kaggle/Data/Audio/Male/TMIT/SX6.wav,../audioData/VAD_Kaggle/Data/Annotation/Male/TMIT/SX6.TextGrid
../audioData/VAD_Kaggle/Data/Audio/Male/TMIT/SX70.wav,../audioData/VAD_Kaggle/Data/Annotation/Male/TMIT/SX70.TextGrid
../audioData/VAD_Kaggle/Data/Audio/Male/TMIT/SX75.wav,../audioData/VAD_Kaggle/Data/Annotation/Male/TMIT/SX75.TextGrid
../audioData/VAD_Kaggle/Data/Audio/Male/TMIT/SX82.wav,../audioData/VAD_Kaggle/Data/Annotation/Male/TMIT/SX82.TextGrid
../audioData/VAD_Kaggle/Data/Audio/Male/TMIT/SX90.wav,../audioData/VAD_Kaggle/Data/Annotation/Male/TMIT/SX90.TextGrid
../audioData/VAD_Kaggle/Data/Audio/Male/TMIT/SX96.wav,../audioData/VAD_Kaggle/Data/Annotation/Male/TMIT/SX96.TextGrid
../audioData/VAD_Kaggle/Data/Audio/Noizeus/Babble/sp01_babble_sn5.wav,../audioData/VAD_Kaggle/Data/Annotation/Noizeus/Babble/sp01_babble_sn5.TextGrid
../audioData/VAD_Kaggle/Data/Audio/Noizeus/Babble/sp02_babble_sn5.wav,../audioData/VAD_Kaggle/Data/Annotation/Noizeus/Babble/sp02_babble_sn5.TextGrid
../audioData/VAD_Kaggle/Data/Audio/Noizeus/Babble/sp03_babble_sn5.wav,../audioData/VAD_Kaggle/Data/Annotation/Noizeus/Babble/sp03_babble_sn5.TextGrid
../audioData/VAD_Kaggle/Data/Audio/Noizeus/Babble/sp04_babble_sn5.wav,../audioData/VAD_Kaggle/Data/Annotation/Noizeus/Babble/sp04_babble_sn5.TextGrid
../audioData/VAD_Kaggle/Data/Audio/Noizeus/Babble/sp05_babble_sn5.wav,../audioData/VAD_Kaggle/Data/Annotation/Noizeus/Babble/sp05_babble_sn5.TextGrid
../audioData/VAD_Kaggle/Data/Audio/Noizeus/Babble/sp06_babble_sn5.wav,../audioData/VAD_Kaggle/Data/Annotation/Noizeus/Babble/sp06_babble_sn5.TextGrid
../audioData/VAD_Kaggle/Data/Audio/Noizeus/Babble/sp07_babble_sn5.wav,../audioData/VAD_Kaggle/Data/Annotation/Noizeus/Babble/sp07_babble_sn5.TextGrid
../audioData/VAD_Kaggle/Data/Audio/Noizeus/Babble/sp08_babble_sn5.wav,../audioData/VAD_Kaggle/Data/Annotation/Noizeus/Babble/sp08_babble_sn5.TextGrid
../audioData/VAD_Kaggle/Data/Audio/Noizeus/Babble/sp09_babble_sn5.wav,../audioData/VAD_Kaggle/Data/Annotation/Noizeus/Babble/sp09_babble_sn5.TextGrid
../audioData/VAD_Kaggle/Data/Audio/Noizeus/Babble/sp10_babble_sn5.wav,../audioData/VAD_Kaggle/Data/Annotation/Noizeus/Babble/sp10_babble_sn5.TextGrid
../audioData/VAD_Kaggle/Data/Audio/Noizeus/Babble/sp11_babble_sn5.wav,../audioData/VAD_Kaggle/Data/Annotation/Noizeus/Babble/sp11_babble_sn5.TextGrid
../audioData/VAD_Kaggle/Data/Audio/Noizeus/Babble/sp12_babble_sn5.wav,../audioData/VAD_Kaggle/Data/Annotation/Noizeus/Babble/sp12_babble_sn5.TextGrid
../audioData/VAD_Kaggle/Data/Audio/Noizeus/Babble/sp13_babble_sn5.wav,../audioData/VAD_Kaggle/Data/Annotation/Noizeus/Babble/sp13_babble_sn5.TextGrid
../audioData/VAD_Kaggle/Data/Audio/Noizeus/Babble/sp14_babble_sn5.wav,../audioData/VAD_Kaggle/Data/Annotation/Noizeus/Babble/sp14_babble_sn5.TextGrid
../audioData/VAD_Kaggle/Data/Audio/Noizeus/Babble/sp15_babble_sn5.wav,../audioData/VAD_Kaggle/Data/Annotation/Noizeus/Babble/sp15_babble_sn5.TextGrid
../audioData/VAD_Kaggle/Data/Audio/Noizeus/Babble/sp16_babble_sn5.wav,../audioData/VAD_Kaggle/Data/Annotation/Noizeus/Babble/sp16_babble_sn5.TextGrid
../audioData/VAD_Kaggle/Data/Audio/Noizeus/Babble/sp17_babble_sn5.wav,../audioData/VAD_Kaggle/Data/Annotation/Noizeus/Babble/sp17_babble_sn5.TextGrid
../audioData/VAD_Kaggle/Data/Audio/Noizeus/Babble/sp18_babble_sn5.wav,../audioData/VAD_Kaggle/Data/Annotation/Noizeus/Babble/sp18_babble_sn5.TextGrid
../audioData/VAD_Kaggle/Data/Audio/Noizeus/Babble/sp19_babble_sn5.wav,../audioData/VAD_Kaggle/Data/Annotation/Noizeus/Babble/sp19_babble_sn5.TextGrid
../audioData/VAD_Kaggle/Data/Audio/Noizeus/Babble/sp20_babble_sn5.wav,../audioData/VAD_Kaggle/Data/Annotation/Noizeus/Babble/sp20_babble_sn5.TextGrid
../audioData/VAD_Kaggle/Data/Audio/Noizeus/Babble/sp21_babble_sn5.wav,../audioData/VAD_Kaggle/Data/Annotation/Noizeus/Babble/sp21_babble_sn5.TextGrid
../audioData/VAD_Kaggle/Data/Audio/Noizeus/Babble/sp22_babble_sn5.wav,../audioData/VAD_Kaggle/Data/Annotation/Noizeus/Babble/sp22_babble_sn5.TextGrid
../audioData/VAD_Kaggle/Data/Audio/Noizeus/Babble/sp23_babble_sn5.wav,../audioData/VAD_Kaggle/Data/Annotation/Noizeus/Babble/sp23_babble_sn5.TextGrid
../audioData/VAD_Kaggle/Data/Audio/Noizeus/Babble/sp24_babble_sn5.wav,../audioData/VAD_Kaggle/Data/Annotation/Noizeus/Babble/sp24_babble_sn5.TextGrid
../audioData/VAD_Kaggle/Data/Audio/Noizeus/Babble/sp25_babble_sn5.wav,../audioData/VAD_Kaggle/Data/Annotation/Noizeus/Babble/sp25_babble_sn5.TextGrid
../audioData/VAD_Kaggle/Data/Audio/Noizeus/Babble/sp26_babble_sn5.wav,../audioData/VAD_Kaggle/Data/Annotation/Noizeus/Babble/sp26_babble_sn5.TextGrid
../audioData/VAD_Kaggle/Data/Audio/Noizeus/Babble/sp27_babble_sn5.wav,../audioData/VAD_Kaggle/Data/Annotation/Noizeus/Babble/sp27_babble_sn5.TextGrid
../audioData/VAD_Kaggle/Data/Audio/Noizeus/Babble/sp28_babble_sn5.wav,../audioData/VAD_Kaggle/Data/Annotation/Noizeus/Babble/sp28_babble_sn5.TextGrid
../audioData/VAD_Kaggle/Data/Audio/Noizeus/Babble/sp29_babble_sn5.wav,../audioData/VAD_Kaggle/Data/Annotation/Noizeus/Babble/sp29_babble_sn5.TextGrid
../audioData/VAD_Kaggle/Data/Audio/Noizeus/Babble/sp30_babble_sn5.wav,../audioData/VAD_Kaggle/Data/Annotation/Noizeus/Babble/sp30_babble_sn5.TextGrid
../audioData/VAD_Kaggle/Data/Audio/Noizeus/Car/sp01_car_sn5.wav,../audioData/VAD_Kaggle/Data/Annotation/Noizeus/Car/sp01_car_sn5.TextGrid
../audioData/VAD_Kaggle/Data/Audio/Noizeus/Car/sp02_car_sn5.wav,../audioData/VAD_Kaggle/Data/Annotation/Noizeus/Car/sp02_car_sn5.TextGrid
../audioData/VAD_Kaggle/Data/Audio/Noizeus/Car/sp03_car_sn5.wav,../audioData/VAD_Kaggle/Data/Annotation/Noizeus/Car/sp03_car_sn5.TextGrid
../audioData/VAD_Kaggle/Data/Audio/Noizeus/Car/sp04_car_sn5.wav,../audioData/VAD_Kaggle/Data/Annotation/Noizeus/Car/sp04_car_sn5.TextGrid
../audioData/VAD_Kaggle/Data/Audio/Noizeus/Car/sp05_car_sn5.wav,../audioData/VAD_Kaggle/Data/Annotation/Noizeus/Car/sp05_car_sn5.TextGrid
../audioData/VAD_Kaggle/Data/Audio/Noizeus/Car/sp06_car_sn5.wav,../audioData/VAD_Kaggle/Data/Annotation/Noizeus/Car/sp06_car_sn5.TextGrid
../audioData/VAD_Kaggle/Data/Audio/Noizeus/Car/sp07_car_sn5.wav,../audioData/VAD_Kaggle/Data/Annotation/Noizeus/Car/sp07_car_sn5.TextGrid
../audioData/VAD_Kaggle/Data/Audio/Noizeus/Car/sp08_car_sn5.wav,../audioData/VAD_Kaggle/Data/Annotation/Noizeus/Car/sp08_car_sn5.TextGrid
../audioData/VAD_Kaggle/Data/Audio/Noizeus/Car/sp09_car_sn5.wav,../audioData/VAD_Kaggle/Data/Annotation/Noizeus/Car/sp09_car_sn5.TextGrid
../audioData/VAD_Kaggle/Data/Audio/Noizeus/Car/sp10_car_sn5.wav,../audioData/VAD_Kaggle/Data/Annotation/Noizeus/Car/sp10_car_sn5.TextGrid
../audioData/VAD_Kaggle/Data/Audio/Noizeus/Car/sp11_car_sn5.wav,../audioData/VAD_Kaggle/Data/Annotation/Noizeus/Car/sp11_car_sn5.TextGrid
../audioData/VAD_Kaggle/Data/Audio/Noizeus/Car/sp12_car_sn5.wav,../audioData/VAD_Kaggle/Data/Annotation/Noizeus/Car/sp12_car_sn5.TextGrid
../audioData/VAD_Kaggle/Data/Audio/Noizeus/Car/sp13_car_sn5.wav,../audioData/VAD_Kaggle/Data/Annotation/Noizeus/Car/sp13_car_sn5.TextGrid
../audioData/VAD_Kaggle/Data/Audio/Noizeus/Car/sp14_car_sn5.wav,../audioData/VAD_Kaggle/Data/Annotation/Noizeus/Car/sp14_car_sn5.TextGrid
../audioData/VAD_Kaggle/Data/Audio/Noizeus/Car/sp15_car_sn5.wav,../audioData/VAD_Kaggle/Data/Annotation/Noizeus/Car/sp15_car_sn5.TextGrid
../audioData/VAD_Kaggle/Data/Audio/Noizeus/Car/sp16_car_sn5.wav,../audioData/VAD_Kaggle/Data/Annotation/Noizeus/Car/sp16_car_sn5.TextGrid
../audioData/VAD_Kaggle/Data/Audio/Noizeus/Car/sp17_car_sn5.wav,../audioData/VAD_Kaggle/Data/Annotation/Noizeus/Car/sp17_car_sn5.TextGrid
../audioData/VAD_Kaggle/Data/Audio/Noizeus/Car/sp18_car_sn5.wav,../audioData/VAD_Kaggle/Data/Annotation/Noizeus/Car/sp18_car_sn5.TextGrid
../audioData/VAD_Kaggle/Data/Audio/Noizeus/Car/sp19_car_sn5.wav,../audioData/VAD_Kaggle/Data/Annotation/Noizeus/Car/sp19_car_sn5.TextGrid
../audioData/VAD_Kaggle/Data/Audio/Noizeus/Car/sp20_car_sn5.wav,../audioData/VAD_Kaggle/Data/Annotation/Noizeus/Car/sp20_car_sn5.TextGrid
../audioData/VAD_Kaggle/Data/Audio/Noizeus/Car/sp21_car_sn5.wav,../audioData/VAD_Kaggle/Data/Annotation/Noizeus/Car/sp21_car_sn5.TextGrid
../audioData/VAD_Kaggle/Data/Audio/Noizeus/Car/sp22_car_sn5.wav,../audioData/VAD_Kaggle/Data/Annotation/Noizeus/Car/sp22_car_sn5.TextGrid
../audioData/VAD_Kaggle/Data/Audio/Noizeus/Car/sp23_car_sn5.wav,../audioData/VAD_Kaggle/Data/Annotation/Noizeus/Car/sp23_car_sn5.TextGrid
../audioData/VAD_Kaggle/Data/Audio/Noizeus/Car/sp24_car_sn5.wav,../audioData/VAD_Kaggle/Data/Annotation/Noizeus/Car/sp24_car_sn5.TextGrid
../audioData/VAD_Kaggle/Data/Audio/Noizeus/Car/sp25_car_sn5.wav,../audioData/VAD_Kaggle/Data/Annotation/Noizeus/Car/sp25_car_sn5.TextGrid
../audioData/VAD_Kaggle/Data/Audio/Noizeus/Car/sp26_car_sn5.wav,../audioData/VAD_Kaggle/Data/Annotation/Noizeus/Car/sp26_car_sn5.TextGrid
../audioData/VAD_Kaggle/Data/Audio/Noizeus/Car/sp27_car_sn5.wav,../audioData/VAD_Kaggle/Data/Annotation/Noizeus/Car/sp27_car_sn5.TextGrid
../audioData/VAD_Kaggle/Data/Audio/Noizeus/Car/sp28_car_sn5.wav,../audioData/VAD_Kaggle/Data/Annotation/Noizeus/Car/sp28_car_sn5.TextGrid
../audioData/VAD_Kaggle/Data/Audio/Noizeus/Car/sp29_car_sn5.wav,../audioData/VAD_Kaggle/Data/Annotation/Noizeus/Car/sp29_car_sn5.TextGrid
../audioData/VAD_Kaggle/Data/Audio/Noizeus/Car/sp30_car_sn5.wav,../audioData/VAD_Kaggle/Data/Annotation/Noizeus/Car/sp30_car_sn5.TextGrid
../audioData/VAD_Kaggle/Data/Audio/Noizeus/NoNoise/sp01.wav,../audioData/VAD_Kaggle/Data/Annotation/Noizeus/NoNoise/sp01.TextGrid
../audioData/VAD_Kaggle/Data/Audio/Noizeus/NoNoise/sp02.wav,../audioData/VAD_Kaggle/Data/Annotation/Noizeus/NoNoise/sp02.TextGrid
../audioData/VAD_Kaggle/Data/Audio/Noizeus/NoNoise/sp03.wav,../audioData/VAD_Kaggle/Data/Annotation/Noizeus/NoNoise/sp03.TextGrid
../audioData/VAD_Kaggle/Data/Audio/Noizeus/NoNoise/sp04.wav,../audioData/VAD_Kaggle/Data/Annotation/Noizeus/NoNoise/sp04.TextGrid
../audioData/VAD_Kaggle/Data/Audio/Noizeus/NoNoise/sp05.wav,../audioData/VAD_Kaggle/Data/Annotation/Noizeus/NoNoise/sp05.TextGrid
../audioData/VAD_Kaggle/Data/Audio/Noizeus/NoNoise/sp06.wav,../audioData/VAD_Kaggle/Data/Annotation/Noizeus/NoNoise/sp06.TextGrid
../audioData/VAD_Kaggle/Data/Audio/Noizeus/NoNoise/sp07.wav,../audioData/VAD_Kaggle/Data/Annotation/Noizeus/NoNoise/sp07.TextGrid
../audioData/VAD_Kaggle/Data/Audio/Noizeus/NoNoise/sp08.wav,../audioData/VAD_Kaggle/Data/Annotation/Noizeus/NoNoise/sp08.TextGrid
../audioData/VAD_Kaggle/Data/Audio/Noizeus/NoNoise/sp09.wav,../audioData/VAD_Kaggle/Data/Annotation/Noizeus/NoNoise/sp09.TextGrid
../audioData/VAD_Kaggle/Data/Audio/Noizeus/NoNoise/sp10.wav,../audioData/VAD_Kaggle/Data/Annotation/Noizeus/NoNoise/sp10.TextGrid
../audioData/VAD_Kaggle/Data/Audio/Noizeus/NoNoise/sp11.wav,../audioData/VAD_Kaggle/Data/Annotation/Noizeus/NoNoise/sp11.TextGrid
../audioData/VAD_Kaggle/Data/Audio/Noizeus/NoNoise/sp12.wav,../audioData/VAD_Kaggle/Data/Annotation/Noizeus/NoNoise/sp12.TextGrid
../audioData/VAD_Kaggle/Data/Audio/Noizeus/NoNoise/sp13.wav,../audioData/VAD_Kaggle/Data/Annotation/Noizeus/NoNoise/sp13.TextGrid
../audioData/VAD_Kaggle/Data/Audio/Noizeus/NoNoise/sp14.wav,../audioData/VAD_Kaggle/Data/Annotation/Noizeus/NoNoise/sp14.TextGrid
../audioData/VAD_Kaggle/Data/Audio/Noizeus/NoNoise/sp15.wav,../audioData/VAD_Kaggle/Data/Annotation/Noizeus/NoNoise/sp15.TextGrid
../audioData/VAD_Kaggle/Data/Audio/Noizeus/NoNoise/sp16.wav,../audioData/VAD_Kaggle/Data/Annotation/Noizeus/NoNoise/sp16.TextGrid
../audioData/VAD_Kaggle/Data/Audio/Noizeus/NoNoise/sp17.wav,../audioData/VAD_Kaggle/Data/Annotation/Noizeus/NoNoise/sp17.TextGrid
../audioData/VAD_Kaggle/Data/Audio/Noizeus/NoNoise/sp18.wav,../audioData/VAD_Kaggle/Data/Annotation/Noizeus/NoNoise/sp18.TextGrid
../audioData/VAD_Kaggle/Data/Audio/Noizeus/NoNoise/sp19.wav,../audioData/VAD_Kaggle/Data/Annotation/Noizeus/NoNoise/sp19.TextGrid
../audioData/VAD_Kaggle/Data/Audio/Noizeus/NoNoise/sp20.wav,../audioData/VAD_Kaggle/Data/Annotation/Noizeus/NoNoise/sp20.TextGrid
../audioData/VAD_Kaggle/Data/Audio/Noizeus/NoNoise/sp21.wav,../audioData/VAD_Kaggle/Data/Annotation/Noizeus/NoNoise/sp21.TextGrid
../audioData/VAD_Kaggle/Data/Audio/Noizeus/NoNoise/sp22.wav,../audioData/VAD_Kaggle/Data/Annotation/Noizeus/NoNoise/sp22.TextGrid
../audioData/VAD_Kaggle/Data/Audio/Noizeus/NoNoise/sp23.wav,../audioData/VAD_Kaggle/Data/Annotation/Noizeus/NoNoise/sp23.TextGrid
../audioData/VAD_Kaggle/Data/Audio/Noizeus/NoNoise/sp24.wav,../audioData/VAD_Kaggle/Data/Annotation/Noizeus/NoNoise/sp24.TextGrid
../audioData/VAD_Kaggle/Data/Audio/Noizeus/NoNoise/sp25.wav,../audioData/VAD_Kaggle/Data/Annotation/Noizeus/NoNoise/sp25.TextGrid
../audioData/VAD_Kaggle/Data/Audio/Noizeus/NoNoise/sp26.wav,../audioData/VAD_Kaggle/Data/Annotation/Noizeus/NoNoise/sp26.TextGrid
../audioData/VAD_Kaggle/Data/Audio/Noizeus/NoNoise/sp27.wav,../audioData/VAD_Kaggle/Data/Annotation/Noizeus/NoNoise/sp27.TextGrid
../audioData/VAD_Kaggle/Data/Audio/Noizeus/NoNoise/sp28.wav,../audioData/VAD_Kaggle/Data/Annotation/Noizeus/NoNoise/sp28.TextGrid
../audioData/VAD_Kaggle/Data/Audio/Noizeus/NoNoise/sp29.wav,../audioData/VAD_Kaggle/Data/Annotation/Noizeus/NoNoise/sp29.TextGrid
../audioData/VAD_Kaggle/Data/Audio/Noizeus/NoNoise/sp30.wav,../audioData/VAD_Kaggle/Data/Annotation/Noizeus/NoNoise/sp30.TextGrid
../audioData/VAD_Kaggle/Data/Audio/Noizeus/Restaurant/sp01_restaurant_sn5.wav,../audioData/VAD_Kaggle/Data/Annotation/Noizeus/Restaurant/sp01_restaurant_sn5.TextGrid
../audioData/VAD_Kaggle/Data/Audio/Noizeus/Restaurant/sp02_restaurant_sn5.wav,../audioData/VAD_Kaggle/Data/Annotation/Noizeus/Restaurant/sp02_restaurant_sn5.TextGrid
../audioData/VAD_Kaggle/Data/Audio/Noizeus/Restaurant/sp03_restaurant_sn5.wav,../audioData/VAD_Kaggle/Data/Annotation/Noizeus/Restaurant/sp03_restaurant_sn5.TextGrid
../audioData/VAD_Kaggle/Data/Audio/Noizeus/Restaurant/sp04_restaurant_sn5.wav,../audioData/VAD_Kaggle/Data/Annotation/Noizeus/Restaurant/sp04_restaurant_sn5.TextGrid
../audioData/VAD_Kaggle/Data/Audio/Noizeus/Restaurant/sp05_restaurant_sn5.wav,../audioData/VAD_Kaggle/Data/Annotation/Noizeus/Restaurant/sp05_restaurant_sn5.TextGrid
../audioData/VAD_Kaggle/Data/Audio/Noizeus/Restaurant/sp06_restaurant_sn5.wav,../audioData/VAD_Kaggle/Data/Annotation/Noizeus/Restaurant/sp06_restaurant_sn5.TextGrid
../audioData/VAD_Kaggle/Data/Audio/Noizeus/Restaurant/sp07_restaurant_sn5.wav,../audioData/VAD_Kaggle/Data/Annotation/Noizeus/Restaurant/sp07_restaurant_sn5.TextGrid
../audioData/VAD_Kaggle/Data/Audio/Noizeus/Restaurant/sp08_restaurant_sn5.wav,../audioData/VAD_Kaggle/Data/Annotation/Noizeus/Restaurant/sp08_restaurant_sn5.TextGrid
../audioData/VAD_Kaggle/Data/Audio/Noizeus/Restaurant/sp09_restaurant_sn5.wav,../audioData/VAD_Kaggle/Data/Annotation/Noizeus/Restaurant/sp09_restaurant_sn5.TextGrid
../audioData/VAD_Kaggle/Data/Audio/Noizeus/Restaurant/sp10_restaurant_sn5.wav,../audioData/VAD_Kaggle/Data/Annotation/Noizeus/Restaurant/sp10_restaurant_sn5.TextGrid
../audioData/VAD_Kaggle/Data/Audio/Noizeus/Restaurant/sp11_restaurant_sn5.wav,../audioData/VAD_Kaggle/Data/Annotation/Noizeus/Restaurant/sp11_restaurant_sn5.TextGrid
../audioData/VAD_Kaggle/Data/Audio/Noizeus/Restaurant/sp12_restaurant_sn5.wav,../audioData/VAD_Kaggle/Data/Annotation/Noizeus/Restaurant/sp12_restaurant_sn5.TextGrid
../audioData/VAD_Kaggle/Data/Audio/Noizeus/Restaurant/sp13_restaurant_sn5.wav,../audioData/VAD_Kaggle/Data/Annotation/Noizeus/Restaurant/sp13_restaurant_sn5.TextGrid
../audioData/VAD_Kaggle/Data/Audio/Noizeus/Restaurant/sp14_restaurant_sn5.wav,../audioData/VAD_Kaggle/Data/Annotation/Noizeus/Restaurant/sp14_restaurant_sn5.TextGrid
../audioData/VAD_Kaggle/Data/Audio/Noizeus/Restaurant/sp15_restaurant_sn5.wav,../audioData/VAD_Kaggle/Data/Annotation/Noizeus/Restaurant/sp15_restaurant_sn5.TextGrid
../audioData/VAD_Kaggle/Data/Audio/Noizeus/Restaurant/sp16_restaurant_sn5.wav,../audioData/VAD_Kaggle/Data/Annotation/Noizeus/Restaurant/sp16_restaurant_sn5.TextGrid
../audioData/VAD_Kaggle/Data/Audio/Noizeus/Restaurant/sp17_restaurant_sn5.wav,../audioData/VAD_Kaggle/Data/Annotation/Noizeus/Restaurant/sp17_restaurant_sn5.TextGrid
../audioData/VAD_Kaggle/Data/Audio/Noizeus/Restaurant/sp18_restaurant_sn5.wav,../audioData/VAD_Kaggle/Data/Annotation/Noizeus/Restaurant/sp18_restaurant_sn5.TextGrid
../audioData/VAD_Kaggle/Data/Audio/Noizeus/Restaurant/sp19_restaurant_sn5.wav,../audioData/VAD_Kaggle/Data/Annotation/Noizeus/Restaurant/sp19_restaurant_sn5.TextGrid
../audioData/VAD_Kaggle/Data/Audio/Noizeus/Restaurant/sp20_restaurant_sn5.wav,../audioData/VAD_Kaggle/Data/Annotation/Noizeus/Restaurant/sp20_restaurant_sn5.TextGrid
../audioData/VAD_Kaggle/Data/Audio/Noizeus/Restaurant/sp21_restaurant_sn5.wav,../audioData/VAD_Kaggle/Data/Annotation/Noizeus/Restaurant/sp21_restaurant_sn5.TextGrid
../audioData/VAD_Kaggle/Data/Audio/Noizeus/Restaurant/sp22_restaurant_sn5.wav,../audioData/VAD_Kaggle/Data/Annotation/Noizeus/Restaurant/sp22_restaurant_sn5.TextGrid
../audioData/VAD_Kaggle/Data/Audio/Noizeus/Restaurant/sp23_restaurant_sn5.wav,../audioData/VAD_Kaggle/Data/Annotation/Noizeus/Restaurant/sp23_restaurant_sn5.TextGrid
../audioData/VAD_Kaggle/Data/Audio/Noizeus/Restaurant/sp24_restaurant_sn5.wav,../audioData/VAD_Kaggle/Data/Annotation/Noizeus/Restaurant/sp24_restaurant_sn5.TextGrid
../audioData/VAD_Kaggle/Data/Audio/Noizeus/Restaurant/sp25_restaurant_sn5.wav,../audioData/VAD_Kaggle/Data/Annotation/Noizeus/Restaurant/sp25_restaurant_sn5.TextGrid
../audioData/VAD_Kaggle/Data/Audio/Noizeus/Restaurant/sp26_restaurant_sn5.wav,../audioData/VAD_Kaggle/Data/Annotation/Noizeus/Restaurant/sp26_restaurant_sn5.TextGrid
../audioData/VAD_Kaggle/Data/Audio/Noizeus/Restaurant/sp27_restaurant_sn5.wav,../audioData/VAD_Kaggle/Data/Annotation/Noizeus/Restaurant/sp27_restaurant_sn5.TextGrid
../audioData/VAD_Kaggle/Data/Audio/Noizeus/Restaurant/sp28_restaurant_sn5.wav,../audioData/VAD_Kaggle/Data/Annotation/Noizeus/Restaurant/sp28_restaurant_sn5.TextGrid
../audioData/VAD_Kaggle/Data/Audio/Noizeus/Restaurant/sp29_restaurant_sn5.wav,../audioData/VAD_Kaggle/Data/Annotation/Noizeus/Restaurant/sp29_restaurant_sn5.TextGrid
../audioData/VAD_Kaggle/Data/Audio/Noizeus/Restaurant/sp30_restaurant_sn5.wav,../audioData/VAD_Kaggle/Data/Annotation/Noizeus/Restaurant/sp30_restaurant_sn5.TextGrid
../audioData/VAD_Kaggle/Data/Audio/Noizeus/Station/sp01_station_sn5.wav,../audioData/VAD_Kaggle/Data/Annotation/Noizeus/Station/sp01_station_sn5.TextGrid
../audioData/VAD_Kaggle/Data/Audio/Noizeus/Station/sp02_station_sn5.wav,../audioData/VAD_Kaggle/Data/Annotation/Noizeus/Station/sp02_station_sn5.TextGrid
../audioData/VAD_Kaggle/Data/Audio/Noizeus/Station/sp03_station_sn5.wav,../audioData/VAD_Kaggle/Data/Annotation/Noizeus/Station/sp03_station_sn5.TextGrid
../audioData/VAD_Kaggle/Data/Audio/Noizeus/Station/sp04_station_sn5.wav,../audioData/VAD_Kaggle/Data/Annotation/Noizeus/Station/sp04_station_sn5.TextGrid
../audioData/VAD_Kaggle/Data/Audio/Noizeus/Station/sp05_station_sn5.wav,../audioData/VAD_Kaggle/Data/Annotation/Noizeus/Station/sp05_station_sn5.TextGrid
../audioData/VAD_Kaggle/Data/Audio/Noizeus/Station/sp06_station_sn5.wav,../audioData/VAD_Kaggle/Data/Annotation/Noizeus/Station/sp06_station_sn5.TextGrid
../audioData/VAD_Kaggle/Data/Audio/Noizeus/Station/sp07_station_sn5.wav,../audioData/VAD_Kaggle/Data/Annotation/Noizeus/Station/sp07_station_sn5.TextGrid
../audioData/VAD_Kaggle/Data/Audio/Noizeus/Station/sp08_station_sn5.wav,../audioData/VAD_Kaggle/Data/Annotation/Noizeus/Station/sp08_station_sn5.TextGrid
../audioData/VAD_Kaggle/Data/Audio/Noizeus/Station/sp09_station_sn5.wav,../audioData/VAD_Kaggle/Data/Annotation/Noizeus/Station/sp09_station_sn5.TextGrid
../audioData/VAD_Kaggle/Data/Audio/Noizeus/Station/sp10_station_sn5.wav,../audioData/VAD_Kaggle/Data/Annotation/Noizeus/Station/sp10_station_sn5.TextGrid
../audioData/VAD_Kaggle/Data/Audio/Noizeus/Station/sp11_station_sn5.wav,../audioData/VAD_Kaggle/Data/Annotation/Noizeus/Station/sp11_station_sn5.TextGrid
../audioData/VAD_Kaggle/Data/Audio/Noizeus/Station/sp12_station_sn5.wav,../audioData/VAD_Kaggle/Data/Annotation/Noizeus/Station/sp12_station_sn5.TextGrid
../audioData/VAD_Kaggle/Data/Audio/Noizeus/Station/sp13_station_sn5.wav,../audioData/VAD_Kaggle/Data/Annotation/Noizeus/Station/sp13_station_sn5.TextGrid
../audioData/VAD_Kaggle/Data/Audio/Noizeus/Station/sp14_station_sn5.wav,../audioData/VAD_Kaggle/Data/Annotation/Noizeus/Station/sp14_station_sn5.TextGrid
../audioData/VAD_Kaggle/Data/Audio/Noizeus/Station/sp15_station_sn5.wav,../audioData/VAD_Kaggle/Data/Annotation/Noizeus/Station/sp15_station_sn5.TextGrid
../audioData/VAD_Kaggle/Data/Audio/Noizeus/Station/sp16_station_sn5.wav,../audioData/VAD_Kaggle/Data/Annotation/Noizeus/Station/sp16_station_sn5.TextGrid
../audioData/VAD_Kaggle/Data/Audio/Noizeus/Station/sp17_station_sn5.wav,../audioData/VAD_Kaggle/Data/Annotation/Noizeus/Station/sp17_station_sn5.TextGrid
../audioData/VAD_Kaggle/Data/Audio/Noizeus/Station/sp18_station_sn5.wav,../audioData/VAD_Kaggle/Data/Annotation/Noizeus/Station/sp18_station_sn5.TextGrid
../audioData/VAD_Kaggle/Data/Audio/Noizeus/Station/sp19_station_sn5.wav,../audioData/VAD_Kaggle/Data/Annotation/Noizeus/Station/sp19_station_sn5.TextGrid
../audioData/VAD_Kaggle/Data/Audio/Noizeus/Station/sp20_station_sn5.wav,../audioData/VAD_Kaggle/Data/Annotation/Noizeus/Station/sp20_station_sn5.TextGrid
../audioData/VAD_Kaggle/Data/Audio/Noizeus/Station/sp21_station_sn5.wav,../audioData/VAD_Kaggle/Data/Annotation/Noizeus/Station/sp21_station_sn5.TextGrid
../audioData/VAD_Kaggle/Data/Audio/Noizeus/Station/sp22_station_sn5.wav,../audioData/VAD_Kaggle/Data/Annotation/Noizeus/Station/sp22_station_sn5.TextGrid
../audioData/VAD_Kaggle/Data/Audio/Noizeus/Station/sp23_station_sn5.wav,../audioData/VAD_Kaggle/Data/Annotation/Noizeus/Station/sp23_station_sn5.TextGrid
../audioData/VAD_Kaggle/Data/Audio/Noizeus/Station/sp24_station_sn5.wav,../audioData/VAD_Kaggle/Data/Annotation/Noizeus/Station/sp24_station_sn5.TextGrid
../audioData/VAD_Kaggle/Data/Audio/Noizeus/Station/sp25_station_sn5.wav,../audioData/VAD_Kaggle/Data/Annotation/Noizeus/Station/sp25_station_sn5.TextGrid
../audioData/VAD_Kaggle/Data/Audio/Noizeus/Station/sp26_station_sn5.wav,../audioData/VAD_Kaggle/Data/Annotation/Noizeus/Station/sp26_station_sn5.TextGrid
../audioData/VAD_Kaggle/Data/Audio/Noizeus/Station/sp27_station_sn5.wav,../audioData/VAD_Kaggle/Data/Annotation/Noizeus/Station/sp27_station_sn5.TextGrid
../audioData/VAD_Kaggle/Data/Audio/Noizeus/Station/sp28_station_sn5.wav,../audioData/VAD_Kaggle/Data/Annotation/Noizeus/Station/sp28_station_sn5.TextGrid
../audioData/VAD_Kaggle/Data/Audio/Noizeus/Station/sp29_station_sn5.wav,../audioData/VAD_Kaggle/Data/Annotation/Noizeus/Station/sp29_station_sn5.TextGrid
../audioData/VAD_Kaggle/Data/Audio/Noizeus/Station/sp30_station_sn5.wav,../audioData/VAD_Kaggle/Data/Annotation/Noizeus/Station/sp30_station_sn5.TextGrid
../audioData/VAD_Kaggle/Data/Audio/Noizeus/Street/sp01_street_sn5.wav,../audioData/VAD_Kaggle/Data/Annotation/Noizeus/Street/sp01_street_sn5.TextGrid
../audioData/VAD_Kaggle/Data/Audio/Noizeus/Street/sp02_street_sn5.wav,../audioData/VAD_Kaggle/Data/Annotation/Noizeus/Street/sp02_street_sn5.TextGrid
../audioData/VAD_Kaggle/Data/Audio/Noizeus/Street/sp03_street_sn5.wav,../audioData/VAD_Kaggle/Data/Annotation/Noizeus/Street/sp03_street_sn5.TextGrid
../audioData/VAD_Kaggle/Data/Audio/Noizeus/Street/sp04_street_sn5.wav,../audioData/VAD_Kaggle/Data/Annotation/Noizeus/Street/sp04_street_sn5.TextGrid
../audioData/VAD_Kaggle/Data/Audio/Noizeus/Street/sp05_street_sn5.wav,../audioData/VAD_Kaggle/Data/Annotation/Noizeus/Street/sp05_street_sn5.TextGrid
../audioData/VAD_Kaggle/Data/Audio/Noizeus/Street/sp06_street_sn5.wav,../audioData/VAD_Kaggle/Data/Annotation/Noizeus/Street/sp06_street_sn5.TextGrid
../audioData/VAD_Kaggle/Data/Audio/Noizeus/Street/sp07_street_sn5.wav,../audioData/VAD_Kaggle/Data/Annotation/Noizeus/Street/sp07_street_sn5.TextGrid
../audioData/VAD_Kaggle/Data/Audio/Noizeus/Street/sp08_street_sn5.wav,../audioData/VAD_Kaggle/Data/Annotation/Noizeus/Street/sp08_street_sn5.TextGrid
../audioData/VAD_Kaggle/Data/Audio/Noizeus/Street/sp09_street_sn5.wav,../audioData/VAD_Kaggle/Data/Annotation/Noizeus/Street/sp09_street_sn5.TextGrid
../audioData/VAD_Kaggle/Data/Audio/Noizeus/Street/sp10_street_sn5.wav,../audioData/VAD_Kaggle/Data/Annotation/Noizeus/Street/sp10_street_sn5.TextGrid
../audioData/VAD_Kaggle/Data/Audio/Noizeus/Street/sp11_street_sn5.wav,../audioData/VAD_Kaggle/Data/Annotation/Noizeus/Street/sp11_street_sn5.TextGrid
../audioData/VAD_Kaggle/Data/Audio/Noizeus/Street/sp12_street_sn5.wav,../audioData/VAD_Kaggle/Data/Annotation/Noizeus/Street/sp12_street_sn5.TextGrid
../audioData/VAD_Kaggle/Data/Audio/Noizeus/Street/sp13_street_sn5.wav,../audioData/VAD_Kaggle/Data/Annotation/Noizeus/Street/sp13_street_sn5.TextGrid
../audioData/VAD_Kaggle/Data/Audio/Noizeus/Street/sp14_street_sn5.wav,../audioData/VAD_Kaggle/Data/Annotation/Noizeus/Street/sp14_street_sn5.TextGrid
../audioData/VAD_Kaggle/Data/Audio/Noizeus/Street/sp15_street_sn5.wav,../audioData/VAD_Kaggle/Data/Annotation/Noizeus/Street/sp15_street_sn5.TextGrid
../audioData/VAD_Kaggle/Data/Audio/Noizeus/Street/sp16_street_sn5.wav,../audioData/VAD_Kaggle/Data/Annotation/Noizeus/Street/sp16_street_sn5.TextGrid
../audioData/VAD_Kaggle/Data/Audio/Noizeus/Street/sp17_street_sn5.wav,../audioData/VAD_Kaggle/Data/Annotation/Noizeus/Street/sp17_street_sn5.TextGrid
../audioData/VAD_Kaggle/Data/Audio/Noizeus/Street/sp18_street_sn5.wav,../audioData/VAD_Kaggle/Data/Annotation/Noizeus/Street/sp18_street_sn5.TextGrid
../audioData/VAD_Kaggle/Data/Audio/Noizeus/Street/sp19_street_sn5.wav,../audioData/VAD_Kaggle/Data/Annotation/Noizeus/Street/sp19_street_sn5.TextGrid
../audioData/VAD_Kaggle/Data/Audio/Noizeus/Street/sp20_street_sn5.wav,../audioData/VAD_Kaggle/Data/Annotation/Noizeus/Street/sp20_street_sn5.TextGrid
../audioData/VAD_Kaggle/Data/Audio/Noizeus/Street/sp21_street_sn5.wav,../audioData/VAD_Kaggle/Data/Annotation/Noizeus/Street/sp21_street_sn5.TextGrid
../audioData/VAD_Kaggle/Data/Audio/Noizeus/Street/sp22_street_sn5.wav,../audioData/VAD_Kaggle/Data/Annotation/Noizeus/Street/sp22_street_sn5.TextGrid
../audioData/VAD_Kaggle/Data/Audio/Noizeus/Street/sp23_street_sn5.wav,../audioData/VAD_Kaggle/Data/Annotation/Noizeus/Street/sp23_street_sn5.TextGrid
../audioData/VAD_Kaggle/Data/Audio/Noizeus/Street/sp24_street_sn5.wav,../audioData/VAD_Kaggle/Data/Annotation/Noizeus/Street/sp24_street_sn5.TextGrid
../audioData/VAD_Kaggle/Data/Audio/Noizeus/Street/sp25_street_sn5.wav,../audioData/VAD_Kaggle/Data/Annotation/Noizeus/Street/sp25_street_sn5.TextGrid
../audioData/VAD_Kaggle/Data/Audio/Noizeus/Street/sp26_street_sn5.wav,../audioData/VAD_Kaggle/Data/Annotation/Noizeus/Street/sp26_street_sn5.TextGrid
../audioData/VAD_Kaggle/Data/Audio/Noizeus/Street/sp27_street_sn5.wav,../audioData/VAD_Kaggle/Data/Annotation/Noizeus/Street/sp27_street_sn5.TextGrid
../audioData/VAD_Kaggle/Data/Audio/Noizeus/Street/sp28_street_sn5.wav,../audioData/VAD_Kaggle/Data/Annotation/Noizeus/Street/sp28_street_sn5.TextGrid
../audioData/VAD_Kaggle/Data/Audio/Noizeus/Street/sp29_street_sn5.wav,../audioData/VAD_Kaggle/Data/Annotation/Noizeus/Street/sp29_street_sn5.TextGrid
../audioData/VAD_Kaggle/Data/Audio/Noizeus/Street/sp30_street_sn5.wav,../audioData/VAD_Kaggle/Data/Annotation/Noizeus/Street/sp30_street_sn5.TextGrid
../audioData/VAD_Kaggle/Data/Audio/Noizeus/Train/sp01_train_sn5.wav,../audioData/VAD_Kaggle/Data/Annotation/Noizeus/Train/sp01_train_sn5.TextGrid
../audioData/VAD_Kaggle/Data/Audio/Noizeus/Train/sp02_train_sn5.wav,../audioData/VAD_Kaggle/Data/Annotation/Noizeus/Train/sp02_train_sn5.TextGrid
../audioData/VAD_Kaggle/Data/Audio/Noizeus/Train/sp03_train_sn5.wav,../audioData/VAD_Kaggle/Data/Annotation/Noizeus/Train/sp03_train_sn5.TextGrid
../audioData/VAD_Kaggle/Data/Audio/Noizeus/Train/sp04_train_sn5.wav,../audioData/VAD_Kaggle/Data/Annotation/Noizeus/Train/sp04_train_sn5.TextGrid
../audioData/VAD_Kaggle/Data/Audio/Noizeus/Train/sp05_train_sn5.wav,../audioData/VAD_Kaggle/Data/Annotation/Noizeus/Train/sp05_train_sn5.TextGrid
../audioData/VAD_Kaggle/Data/Audio/Noizeus/Train/sp06_train_sn5.wav,../audioData/VAD_Kaggle/Data/Annotation/Noizeus/Train/sp06_train_sn5.TextGrid
../audioData/VAD_Kaggle/Data/Audio/Noizeus/Train/sp07_train_sn5.wav,../audioData/VAD_Kaggle/Data/Annotation/Noizeus/Train/sp07_train_sn5.TextGrid
../audioData/VAD_Kaggle/Data/Audio/Noizeus/Train/sp08_train_sn5.wav,../audioData/VAD_Kaggle/Data/Annotation/Noizeus/Train/sp08_train_sn5.TextGrid
../audioData/VAD_Kaggle/Data/Audio/Noizeus/Train/sp09_train_sn5.wav,../audioData/VAD_Kaggle/Data/Annotation/Noizeus/Train/sp09_train_sn5.TextGrid
../audioData/VAD_Kaggle/Data/Audio/Noizeus/Train/sp10_train_sn5.wav,../audioData/VAD_Kaggle/Data/Annotation/Noizeus/Train/sp10_train_sn5.TextGrid
../audioData/VAD_Kaggle/Data/Audio/Noizeus/Train/sp11_train_sn5.wav,../audioData/VAD_Kaggle/Data/Annotation/Noizeus/Train/sp11_train_sn5.TextGrid
../audioData/VAD_Kaggle/Data/Audio/Noizeus/Train/sp12_train_sn5.wav,../audioData/VAD_Kaggle/Data/Annotation/Noizeus/Train/sp12_train_sn5.TextGrid
../audioData/VAD_Kaggle/Data/Audio/Noizeus/Train/sp13_train_sn5.wav,../audioData/VAD_Kaggle/Data/Annotation/Noizeus/Train/sp13_train_sn5.TextGrid
../audioData/VAD_Kaggle/Data/Audio/Noizeus/Train/sp14_train_sn5.wav,../audioData/VAD_Kaggle/Data/Annotation/Noizeus/Train/sp14_train_sn5.TextGrid
../audioData/VAD_Kaggle/Data/Audio/Noizeus/Train/sp15_train_sn5.wav,../audioData/VAD_Kaggle/Data/Annotation/Noizeus/Train/sp15_train_sn5.TextGrid
../audioData/VAD_Kaggle/Data/Audio/Noizeus/Train/sp16_train_sn5.wav,../audioData/VAD_Kaggle/Data/Annotation/Noizeus/Train/sp16_train_sn5.TextGrid
../audioData/VAD_Kaggle/Data/Audio/Noizeus/Train/sp17_train_sn5.wav,../audioData/VAD_Kaggle/Data/Annotation/Noizeus/Train/sp17_train_sn5.TextGrid
../audioData/VAD_Kaggle/Data/Audio/Noizeus/Train/sp18_train_sn5.wav,../audioData/VAD_Kaggle/Data/Annotation/Noizeus/Train/sp18_train_sn5.TextGrid
../audioData/VAD_Kaggle/Data/Audio/Noizeus/Train/sp19_train_sn5.wav,../audioData/VAD_Kaggle/Data/Annotation/Noizeus/Train/sp19_train_sn5.TextGrid
../audioData/VAD_Kaggle/Data/Audio/Noizeus/Train/sp20_train_sn5.wav,../audioData/VAD_Kaggle/Data/Annotation/Noizeus/Train/sp20_train_sn5.TextGrid
../audioData/VAD_Kaggle/Data/Audio/Noizeus/Train/sp21_train_sn5.wav,../audioData/VAD_Kaggle/Data/Annotation/Noizeus/Train/sp21_train_sn5.TextGrid
../audioData/VAD_Kaggle/Data/Audio/Noizeus/Train/sp22_train_sn5.wav,../audioData/VAD_Kaggle/Data/Annotation/Noizeus/Train/sp22_train_sn5.TextGrid
../audioData/VAD_Kaggle/Data/Audio/Noizeus/Train/sp23_train_sn5.wav,../audioData/VAD_Kaggle/Data/Annotation/Noizeus/Train/sp23_train_sn5.TextGrid
../audioData/VAD_Kaggle/Data/Audio/Noizeus/Train/sp24_train_sn5.wav,../audioData/VAD_Kaggle/Data/Annotation/Noizeus/Train/sp24_train_sn5.TextGrid
../audioData/VAD_Kaggle/Data/Audio/Noizeus/Train/sp25_train_sn5.wav,../audioData/VAD_Kaggle/Data/Annotation/Noizeus/Train/sp25_train_sn5.TextGrid
../audioData/VAD_Kaggle/Data/Audio/Noizeus/Train/sp26_train_sn5.wav,../audioData/VAD_Kaggle/Data/Annotation/Noizeus/Train/sp26_train_sn5.TextGrid
../audioData/VAD_Kaggle/Data/Audio/Noizeus/Train/sp27_train_sn5.wav,../audioData/VAD_Kaggle/Data/Annotation/Noizeus/Train/sp27_train_sn5.TextGrid
../audioData/VAD_Kaggle/Data/Audio/Noizeus/Train/sp28_train_sn5.wav,../audioData/VAD_Kaggle/Data/Annotation/Noizeus/Train/sp28_train_sn5.TextGrid
../audioData/VAD_Kaggle/Data/Audio/Noizeus/Train/sp29_train_sn5.wav,../audioData/VAD_Kaggle/Data/Annotation/Noizeus/Train/sp29_train_sn5.TextGrid
../audioData/VAD_Kaggle/Data/Audio/Noizeus/Train/sp30_train_sn5.wav,../audioData/VAD_Kaggle/Data/Annotation/Noizeus/Train/sp30_train_sn5.TextGrid
